Num_Acc;senc;catv;occutc;obs;obsm;choc;manv;num_veh
200900012846;0;1;0;0.0;2.0;1.0;17.0;B01
200900012894;0;1;0;0.0;2.0;1.0;1.0;B01
200900012905;0;1;0;0.0;2.0;1.0;1.0;B01
200900012907;0;1;0;0.0;2.0;1.0;1.0;A01
200900012929;0;1;0;0.0;2.0;2.0;1.0;B01
200900012931;0;1;0;0.0;2.0;2.0;14.0;B01
200900012931;0;1;0;12.0;2.0;8.0;23.0;C01
200900012940;0;1;0;0.0;0.0;1.0;1.0;A01
200900012951;0;1;0;0.0;1.0;0.0;1.0;B01
200900012964;0;1;0;0.0;2.0;4.0;1.0;B02
200900012966;0;1;0;0.0;2.0;7.0;1.0;A01
200900012992;0;1;0;0.0;2.0;8.0;1.0;B01
200900012996;0;1;0;0.0;2.0;1.0;16.0;B01
200900013004;0;1;0;0.0;2.0;1.0;1.0;B01
200900013014;0;1;0;0.0;2.0;0.0;15.0;B01
200900013033;0;1;0;0.0;0.0;4.0;2.0;B01
200900013041;0;1;0;0.0;2.0;7.0;0.0;A01
200900013042;0;1;0;0.0;2.0;4.0;15.0;A01
200900013046;0;1;0;0.0;2.0;1.0;1.0;B01
200900013049;0;1;0;0.0;2.0;0.0;13.0;C01
200900013060;0;1;0;0.0;2.0;1.0;0.0;B02
200900013074;0;1;0;12.0;2.0;9.0;1.0;B01
200900013076;0;1;0;0.0;2.0;0.0;0.0;A01
200900013095;0;1;0;0.0;2.0;1.0;0.0;B01
200900013099;0;1;0;0.0;2.0;4.0;9.0;B01
200900013105;0;1;0;0.0;2.0;4.0;1.0;B01
200900013124;0;1;0;0.0;2.0;5.0;19.0;B01
200900013172;0;1;0;0.0;2.0;1.0;1.0;A01
200900013183;0;1;0;0.0;0.0;7.0;1.0;A01
200900013253;0;1;0;0.0;2.0;2.0;1.0;B02
200900013276;0;1;0;0.0;2.0;1.0;1.0;B01
200900013282;0;1;0;1.0;0.0;1.0;1.0;B01
200900013289;0;1;0;0.0;2.0;4.0;15.0;B01
200900013295;0;1;0;0.0;9.0;1.0;2.0;A01
200900013295;0;1;0;0.0;9.0;4.0;2.0;B02
200900013319;0;1;0;0.0;2.0;1.0;19.0;A01
200900013332;0;1;0;0.0;2.0;8.0;19.0;A01
200900013398;0;1;0;0.0;2.0;4.0;15.0;B02
200900013404;0;1;0;0.0;2.0;1.0;1.0;B02
200900013418;0;1;0;0.0;2.0;1.0;15.0;B02
200900013437;0;1;0;0.0;2.0;6.0;5.0;B02
200900013440;0;1;0;0.0;2.0;3.0;2.0;A01
200900013466;0;1;0;0.0;2.0;1.0;5.0;A01
200900013524;0;1;0;0.0;2.0;1.0;0.0;B01
200900013532;0;1;0;0.0;2.0;1.0;19.0;A01
200900013551;0;1;0;0.0;2.0;5.0;13.0;A01
200900013552;0;1;0;0.0;2.0;1.0;16.0;B02
200900013574;0;1;0;0.0;2.0;1.0;16.0;A01
200900013594;0;1;0;0.0;2.0;8.0;0.0;B01
200900013618;0;1;0;0.0;2.0;8.0;1.0;D04
200900013640;0;1;0;0.0;2.0;1.0;1.0;B01
200900013649;0;1;0;0.0;0.0;4.0;1.0;B01
200900013677;0;1;0;0.0;2.0;1.0;1.0;B01
200900013718;0;1;0;0.0;2.0;6.0;13.0;B01
200900013720;0;1;0;0.0;2.0;1.0;5.0;B01
200900013760;0;1;0;0.0;2.0;7.0;13.0;A01
200900013798;0;1;0;0.0;0.0;1.0;1.0;A01
200900013817;0;1;0;0.0;0.0;0.0;1.0;A01
200900013958;0;1;0;0.0;2.0;0.0;0.0;A01
200900013962;0;1;0;0.0;0.0;7.0;1.0;B01
200900013964;0;1;0;0.0;0.0;0.0;1.0;B01
200900013980;0;1;0;0.0;2.0;1.0;19.0;B02
200900013985;0;1;0;1.0;0.0;1.0;1.0;B01
200900013986;0;1;0;0.0;2.0;1.0;13.0;A01
200900013992;0;1;0;0.0;0.0;4.0;11.0;B02
200900014068;0;1;0;0.0;2.0;2.0;21.0;B01
200900014069;0;1;0;0.0;0.0;1.0;1.0;A01
200900014275;0;1;0;0.0;2.0;8.0;15.0;B02
200900014291;0;1;0;0.0;9.0;8.0;9.0;A01
200900014291;0;1;0;0.0;9.0;7.0;16.0;B02
200900014293;0;1;0;0.0;2.0;7.0;13.0;A01
200900014298;0;1;0;0.0;2.0;1.0;19.0;A01
200900014322;0;1;0;0.0;2.0;0.0;2.0;B02
200900014328;0;1;0;0.0;2.0;3.0;19.0;A01
200900014351;0;1;0;0.0;2.0;0.0;19.0;B01
200900014355;0;1;0;0.0;0.0;1.0;1.0;B01
200900014374;0;1;0;0.0;0.0;1.0;1.0;B01
200900014385;0;1;0;0.0;0.0;1.0;1.0;B01
200900014467;0;1;0;0.0;0.0;1.0;1.0;A01
200900014468;0;1;0;0.0;0.0;4.0;1.0;B02
200900014480;0;1;0;0.0;2.0;1.0;1.0;B01
200900014482;0;1;0;0.0;0.0;1.0;1.0;A01
200900014520;0;1;0;0.0;0.0;4.0;2.0;B02
200900014595;0;1;0;0.0;2.0;0.0;0.0;B01
200900014605;0;1;0;0.0;2.0;8.0;1.0;B01
200900014606;0;1;0;0.0;2.0;1.0;1.0;A01
200900014625;0;1;0;0.0;2.0;1.0;1.0;B02
200900014661;0;1;0;0.0;0.0;1.0;0.0;B01
200900014666;0;1;0;0.0;0.0;0.0;2.0;B01
200900014667;0;1;0;0.0;0.0;0.0;1.0;B01
200900014673;0;1;0;0.0;0.0;1.0;0.0;A01
200900014676;0;1;0;0.0;0.0;1.0;1.0;B01
200900014680;0;1;0;0.0;2.0;0.0;0.0;B01
200900014730;0;1;0;0.0;0.0;0.0;0.0;B01
200900014739;0;1;0;0.0;9.0;4.0;21.0;B02
200900014743;0;1;0;0.0;2.0;1.0;1.0;B02
200900014752;0;1;0;0.0;2.0;3.0;1.0;B01
200900014759;0;1;0;0.0;0.0;0.0;2.0;B01
200900014781;0;1;0;0.0;2.0;3.0;13.0;B02
200900014810;0;1;0;0.0;2.0;1.0;1.0;B01
200900014828;0;1;0;0.0;2.0;0.0;0.0;B01
200900014898;0;1;0;0.0;2.0;1.0;16.0;A01
200900014924;0;1;0;0.0;2.0;1.0;15.0;B02
200900014924;0;1;0;0.0;2.0;1.0;15.0;C03
200900014939;0;1;0;0.0;2.0;8.0;1.0;B02
200900014958;0;1;0;16.0;0.0;1.0;9.0;C01
200900014959;0;1;0;0.0;2.0;1.0;1.0;B01
200900014968;0;1;0;0.0;0.0;4.0;2.0;B01
200900014975;0;1;0;0.0;0.0;7.0;6.0;B01
200900015000;0;1;0;0.0;2.0;5.0;1.0;B01
200900015029;0;1;0;0.0;2.0;3.0;1.0;B02
200900015032;0;1;0;0.0;0.0;4.0;2.0;B02
200900015062;0;1;0;0.0;0.0;8.0;0.0;B01
200900015066;0;1;0;0.0;2.0;8.0;1.0;B01
200900015067;0;1;0;0.0;2.0;3.0;1.0;B01
200900015141;0;1;0;0.0;2.0;0.0;0.0;B01
200900015155;0;1;0;0.0;2.0;1.0;1.0;B01
200900015197;0;1;0;0.0;2.0;7.0;15.0;A01
200900015230;0;1;0;0.0;2.0;8.0;1.0;A01
200900015232;0;1;0;0.0;0.0;1.0;1.0;A01
200900015248;0;1;0;16.0;0.0;8.0;1.0;A01
200900015264;0;1;0;0.0;2.0;8.0;1.0;B01
200900015281;0;1;0;0.0;2.0;7.0;19.0;B02
200900015283;0;1;0;0.0;0.0;4.0;1.0;B02
200900015291;0;1;0;0.0;2.0;8.0;0.0;B02
200900015308;0;1;0;0.0;2.0;8.0;19.0;A01
200900015325;0;1;0;0.0;0.0;0.0;14.0;A01
200900015337;0;1;0;0.0;2.0;1.0;16.0;A01
200900015351;0;1;0;0.0;2.0;1.0;1.0;B02
200900015352;0;1;0;;;1.0;1.0;A01
200900015360;0;1;0;0.0;2.0;1.0;1.0;B01
200900015439;0;1;0;0.0;2.0;7.0;1.0;A01
200900015441;0;1;0;0.0;2.0;1.0;1.0;B02
200900015449;0;1;0;1.0;0.0;0.0;1.0;B01
200900015464;0;1;0;0.0;2.0;0.0;1.0;B02
200900015481;0;1;0;0.0;2.0;1.0;1.0;B02
200900015492;0;1;0;0.0;2.0;2.0;19.0;B02
200900015504;0;1;0;0.0;2.0;1.0;1.0;B01
200900015509;0;1;0;0.0;2.0;2.0;1.0;B01
200900015513;0;1;0;0.0;2.0;8.0;19.0;B01
200900015516;0;1;0;12.0;2.0;0.0;1.0;B01
200900015537;0;1;0;0.0;2.0;8.0;1.0;B02
200900015542;0;1;0;1.0;0.0;1.0;14.0;A01
200900015565;0;1;0;0.0;2.0;0.0;15.0;B01
200900015577;0;1;0;0.0;2.0;8.0;1.0;B02
200900015614;0;1;0;0.0;2.0;7.0;2.0;B02
200900015627;0;1;0;0.0;2.0;3.0;15.0;A01
200900015644;0;1;0;;2.0;;1.0;C03
200900015644;0;1;0;;2.0;;1.0;B02
200900015663;0;1;0;0.0;2.0;3.0;19.0;A01
200900015681;0;1;0;13.0;0.0;1.0;1.0;A01
200900015710;0;1;0;0.0;2.0;7.0;1.0;A01
200900015711;0;1;0;0.0;2.0;1.0;1.0;B01
200900015719;0;1;0;0.0;2.0;1.0;1.0;A01
200900015749;0;1;0;0.0;2.0;1.0;1.0;B01
200900015753;0;1;0;0.0;2.0;3.0;15.0;A01
200900015758;0;1;0;0.0;0.0;0.0;1.0;A01
200900015778;0;1;0;0.0;2.0;1.0;19.0;B01
200900015792;0;1;0;0.0;2.0;8.0;15.0;B02
200900015805;0;1;0;0.0;2.0;4.0;1.0;B02
200900015817;0;1;0;0.0;2.0;1.0;5.0;B02
200900015847;0;1;0;0.0;2.0;1.0;1.0;B01
200900015849;0;1;0;0.0;2.0;7.0;1.0;B01
200900015857;0;1;0;0.0;2.0;1.0;0.0;B02
200900015882;0;1;0;0.0;2.0;4.0;15.0;A01
200900015885;0;1;0;0.0;2.0;5.0;1.0;A01
200900015887;0;1;0;0.0;2.0;1.0;18.0;B01
200900015893;0;1;0;0.0;2.0;0.0;16.0;A01
200900015909;0;1;0;0.0;1.0;1.0;1.0;A01
200900015911;0;1;0;0.0;2.0;8.0;15.0;B01
200900015913;0;1;0;0.0;2.0;1.0;1.0;B01
200900015914;0;1;0;0.0;2.0;8.0;15.0;B01
200900015916;1;1;0;0.0;2.0;3.0;1.0;Z01
200900015918;0;1;0;0.0;2.0;8.0;1.0;B01
200900015918;0;1;0;0.0;2.0;7.0;17.0;A01
200900015923;0;1;0;0.0;2.0;8.0;2.0;A01
200900015924;0;1;0;0.0;1.0;0.0;1.0;A01
200900015934;0;1;0;0.0;2.0;3.0;13.0;B01
200900015943;0;1;0;0.0;0.0;0.0;1.0;A01
200900015953;0;1;0;0.0;2.0;2.0;2.0;A01
200900015955;0;1;0;0.0;1.0;1.0;7.0;A01
200900015960;0;1;0;0.0;0.0;0.0;13.0;A01
200900015965;0;1;0;0.0;2.0;1.0;17.0;B01
200900015970;0;1;0;0.0;0.0;0.0;1.0;A01
200900015974;0;1;0;0.0;2.0;7.0;1.0;B01
200900015977;0;1;0;0.0;1.0;0.0;1.0;A01
200900015995;0;1;0;0.0;2.0;1.0;15.0;B01
200900016001;0;1;0;0.0;2.0;3.0;2.0;A01
200900016012;0;1;0;0.0;2.0;4.0;2.0;B01
200900016041;0;1;0;0.0;2.0;5.0;1.0;A01
200900016048;0;1;0;0.0;2.0;7.0;19.0;A01
200900016051;0;1;0;0.0;1.0;1.0;1.0;A01
200900016058;0;1;0;0.0;2.0;8.0;1.0;A01
200900016061;0;1;0;0.0;2.0;0.0;2.0;A01
200900016063;0;1;0;0.0;0.0;0.0;7.0;A01
200900016064;0;1;0;0.0;1.0;1.0;1.0;A01
200900016070;0;1;0;0.0;2.0;3.0;1.0;B01
200900016073;0;1;0;0.0;0.0;0.0;1.0;A01
200900016077;0;1;0;0.0;0.0;1.0;5.0;A01
200900016082;0;1;0;0.0;2.0;1.0;1.0;B01
200900016083;0;1;0;0.0;2.0;1.0;1.0;A01
200900016086;0;1;0;0.0;2.0;6.0;1.0;A01
200900016088;0;1;0;0.0;2.0;3.0;15.0;A01
200900016089;0;1;0;1.0;0.0;1.0;14.0;A01
200900016094;0;1;0;0.0;2.0;0.0;1.0;B01
200900016100;0;1;0;0.0;2.0;1.0;1.0;B01
200900016106;0;1;0;0.0;2.0;4.0;2.0;B01
200900016113;0;1;0;0.0;2.0;6.0;13.0;A01
200900016144;0;1;0;0.0;2.0;3.0;1.0;B01
200900016146;0;1;0;0.0;2.0;8.0;15.0;A01
200900016151;0;1;0;0.0;0.0;0.0;7.0;A01
200900016152;0;1;0;0.0;2.0;8.0;2.0;A01
200900016152;0;1;0;0.0;2.0;8.0;2.0;B01
200900016164;0;1;0;0.0;2.0;0.0;1.0;B01
200900016166;0;1;0;0.0;1.0;0.0;7.0;A01
200900016183;0;1;0;0.0;2.0;1.0;1.0;B01
200900016188;0;1;0;0.0;2.0;8.0;7.0;B01
200900016189;0;1;0;0.0;2.0;0.0;19.0;A01
200900016201;0;1;0;0.0;0.0;1.0;1.0;A01
200900016205;0;1;0;0.0;2.0;1.0;1.0;A01
200900016210;0;1;0;0.0;0.0;0.0;7.0;A01
200900016212;0;1;0;0.0;0.0;8.0;7.0;B01
200900016217;0;1;0;0.0;2.0;3.0;1.0;B01
200900016219;0;1;0;0.0;2.0;1.0;1.0;B01
200900016256;0;1;0;0.0;0.0;0.0;0.0;A01
200900016272;0;1;0;0.0;0.0;1.0;1.0;B01
200900016277;0;1;0;0.0;1.0;1.0;1.0;A01
200900016294;0;1;0;1.0;0.0;3.0;1.0;B01
200900016305;0;1;0;0.0;0.0;0.0;1.0;A01
200900016361;0;1;0;0.0;2.0;4.0;23.0;B02
200900016361;0;1;0;0.0;2.0;4.0;1.0;C03
200900016391;0;1;0;0.0;2.0;8.0;2.0;B01
200900016392;0;1;0;0.0;2.0;8.0;1.0;B01
200900016401;0;1;0;0.0;2.0;2.0;1.0;B01
200900016408;0;1;0;0.0;2.0;7.0;1.0;B01
200900016447;0;1;0;0.0;2.0;1.0;1.0;A01
200900016460;0;1;0;0.0;2.0;7.0;1.0;B01
200900016462;0;1;0;0.0;2.0;7.0;19.0;B01
200900016471;0;1;0;0.0;2.0;1.0;1.0;A01
200900016487;0;1;0;0.0;2.0;1.0;1.0;B01
200900016497;0;1;0;0.0;2.0;1.0;19.0;A01
200900016502;0;1;0;0.0;2.0;8.0;1.0;B01
200900016506;0;1;0;0.0;2.0;1.0;5.0;A01
200900016514;0;1;0;0.0;2.0;1.0;1.0;B01
200900016515;0;1;0;0.0;2.0;0.0;1.0;B01
200900016517;0;1;0;0.0;2.0;2.0;19.0;A01
200900016521;0;1;0;0.0;0.0;0.0;1.0;B01
200900016527;0;1;0;0.0;2.0;0.0;1.0;A01
200900016529;0;1;0;0.0;2.0;7.0;1.0;B01
200900016535;0;1;0;0.0;2.0;1.0;1.0;B01
200900016536;0;1;0;0.0;2.0;6.0;1.0;A01
200900016541;0;1;0;1.0;0.0;1.0;1.0;B01
200900016542;0;1;0;1.0;0.0;7.0;1.0;B01
200900016545;0;1;0;0.0;2.0;1.0;0.0;A01
200900016673;0;1;0;0.0;2.0;4.0;2.0;B01
200900016686;0;1;0;0.0;2.0;7.0;15.0;A01
200900016714;0;1;0;0.0;2.0;1.0;9.0;B01
200900016758;0;1;0;0.0;2.0;8.0;1.0;B01
200900016770;0;1;0;0.0;2.0;1.0;2.0;B02
200900016837;0;1;0;0.0;2.0;1.0;1.0;A01
200900016851;0;1;0;0.0;2.0;1.0;1.0;A01
200900016851;0;1;0;0.0;2.0;1.0;1.0;B02
200900016860;0;1;0;1.0;0.0;2.0;0.0;B01
200900016869;0;1;0;0.0;2.0;1.0;0.0;B01
200900016874;0;1;0;0.0;2.0;6.0;2.0;B02
200900016922;0;1;0;0.0;2.0;1.0;1.0;A01
200900016934;0;1;0;0.0;2.0;0.0;1.0;B01
200900016940;0;1;0;0.0;2.0;1.0;15.0;A01
200900016962;0;1;0;0.0;2.0;1.0;15.0;A01
200900016971;0;1;0;0.0;2.0;1.0;19.0;B02
200900017004;0;1;0;1.0;0.0;1.0;1.0;B02
200900017010;0;1;0;0.0;2.0;1.0;1.0;A01
200900017018;0;1;0;0.0;2.0;4.0;15.0;B01
200900017094;0;1;0;0.0;1.0;1.0;0.0;A01
200900017141;0;1;0;0.0;0.0;0.0;0.0;B01
200900017210;0;1;0;0.0;2.0;1.0;1.0;B01
200900017221;0;1;0;0.0;2.0;1.0;1.0;B01
200900017229;0;1;0;0.0;2.0;1.0;1.0;A01
200900017247;0;1;0;0.0;2.0;4.0;1.0;B01
200900017252;0;1;0;0.0;2.0;0.0;1.0;B02
200900017257;0;1;0;0.0;2.0;1.0;1.0;B01
200900017259;0;1;0;0.0;0.0;0.0;1.0;A01
200900017277;0;1;0;0.0;2.0;1.0;19.0;A01
200900017282;0;1;0;0.0;2.0;1.0;5.0;A01
200900017318;0;1;0;0.0;2.0;1.0;13.0;B02
200900017328;0;1;0;0.0;2.0;8.0;1.0;C03
200900017369;0;1;0;0.0;2.0;4.0;1.0;B02
200900017380;0;1;0;0.0;2.0;1.0;1.0;A01
200900017415;0;1;0;0.0;2.0;1.0;1.0;B02
200900017424;0;1;0;0.0;2.0;1.0;1.0;B01
200900017459;0;1;0;0.0;0.0;8.0;19.0;A01
200900017527;0;1;0;0.0;2.0;3.0;15.0;B01
200900017532;1;1;0;0.0;1.0;1.0;1.0;A01
200900017548;0;1;0;0.0;2.0;4.0;13.0;A01
200900017560;0;1;0;0.0;2.0;1.0;15.0;B01
200900017574;0;1;0;0.0;1.0;1.0;1.0;A01
200900017588;0;1;0;0.0;2.0;0.0;1.0;B02
200900017595;0;1;0;0.0;2.0;1.0;0.0;B02
200900017601;0;1;0;0.0;2.0;1.0;1.0;B02
200900017615;0;1;0;0.0;2.0;8.0;19.0;A01
200900017624;0;1;0;0.0;2.0;3.0;1.0;B02
200900017640;0;1;0;0.0;2.0;1.0;0.0;B02
200900017647;0;1;0;0.0;2.0;4.0;1.0;B02
200900017667;0;1;0;0.0;0.0;0.0;1.0;A01
200900017670;0;1;0;0.0;2.0;4.0;0.0;B01
200900017676;0;1;0;0.0;0.0;0.0;1.0;A01
200900017677;0;1;0;0.0;0.0;0.0;0.0;A01
200900017685;0;1;0;0.0;0.0;2.0;0.0;B01
200900017685;0;1;0;0.0;0.0;1.0;1.0;A01
200900017690;0;1;0;0.0;2.0;1.0;0.0;B02
200900017695;0;1;0;0.0;2.0;4.0;2.0;B02
200900017699;0;1;0;0.0;0.0;4.0;1.0;B02
200900017699;0;1;0;0.0;0.0;4.0;1.0;C03
200900017712;0;1;0;0.0;0.0;0.0;1.0;A01
200900017714;0;1;0;15.0;0.0;0.0;0.0;A01
200900017717;0;1;0;1.0;0.0;1.0;1.0;B01
200900017731;0;1;0;0.0;0.0;0.0;15.0;B01
200900017756;0;1;0;0.0;2.0;1.0;0.0;B02
200900017764;0;1;0;0.0;0.0;1.0;0.0;C03
200900017764;0;1;0;0.0;0.0;0.0;0.0;B02
200900017765;0;1;0;0.0;0.0;4.0;0.0;B02
200900017766;0;1;0;0.0;2.0;2.0;19.0;A01
200900017813;0;1;0;0.0;2.0;8.0;1.0;B02
200900017884;0;1;0;0.0;2.0;1.0;1.0;B01
200900017940;0;1;0;0.0;2.0;2.0;1.0;B01
200900017960;0;1;0;0.0;2.0;4.0;15.0;B01
200900018074;0;1;0;0.0;0.0;0.0;0.0;A01
200900018132;0;1;0;1.0;0.0;0.0;0.0;B01
200900018170;0;1;0;13.0;0.0;1.0;14.0;A01
200900018171;0;1;0;0.0;2.0;1.0;1.0;B01
200900018185;0;1;0;0.0;2.0;8.0;15.0;B02
200900018186;0;1;0;0.0;2.0;8.0;13.0;B02
200900018188;0;1;0;0.0;2.0;8.0;5.0;B02
200900018201;0;1;0;0.0;1.0;1.0;21.0;A01
200900018219;0;1;0;0.0;2.0;1.0;1.0;B02
200900018233;0;1;0;0.0;0.0;1.0;13.0;A01
200900018239;0;1;0;0.0;2.0;1.0;1.0;B02
200900018249;0;1;0;0.0;0.0;1.0;1.0;A01
200900018256;0;1;0;0.0;2.0;3.0;9.0;B01
200900018257;0;1;0;0.0;2.0;8.0;1.0;B01
200900018273;0;1;0;0.0;2.0;7.0;1.0;B01
200900018276;0;1;0;0.0;2.0;1.0;19.0;B02
200900018290;0;1;0;0.0;0.0;4.0;2.0;B02
200900018292;0;1;0;0.0;2.0;6.0;19.0;B01
200900018296;0;1;0;0.0;2.0;1.0;0.0;B01
200900018301;0;1;0;0.0;2.0;1.0;19.0;B01
200900018304;0;1;0;0.0;2.0;7.0;16.0;B01
200900018305;0;1;0;0.0;2.0;1.0;1.0;B01
200900018312;0;1;0;0.0;2.0;8.0;13.0;A01
200900018313;0;1;0;0.0;1.0;1.0;1.0;A01
200900018326;0;1;0;0.0;2.0;2.0;1.0;B02
200900018336;0;1;0;0.0;2.0;8.0;0.0;B02
200900018370;0;1;0;0.0;2.0;1.0;1.0;B01
200900018382;0;1;0;0.0;0.0;4.0;2.0;B01
200900018404;0;1;0;0.0;2.0;8.0;19.0;B01
200900018429;0;1;0;0.0;2.0;6.0;19.0;B01
200900018467;0;1;0;0.0;2.0;1.0;5.0;A01
200900018498;0;1;0;0.0;2.0;4.0;2.0;C01
200900018498;0;1;0;0.0;2.0;4.0;2.0;B01
200900018501;0;1;0;0.0;2.0;1.0;1.0;B01
200900018551;0;1;0;0.0;2.0;8.0;19.0;B01
200900018594;0;1;0;1.0;2.0;1.0;1.0;A01
200900018612;0;1;0;0.0;2.0;1.0;1.0;B01
200900018619;0;1;0;0.0;0.0;6.0;2.0;B01
200900018623;0;1;0;0.0;2.0;1.0;1.0;B01
200900018655;0;1;0;0.0;2.0;1.0;1.0;B01
200900018664;0;1;0;0.0;0.0;0.0;1.0;A01
200900018679;0;1;0;0.0;0.0;0.0;21.0;B01
200900018680;0;1;0;0.0;2.0;1.0;19.0;B01
200900018691;0;1;0;0.0;2.0;1.0;19.0;A01
200900018698;0;1;0;0.0;2.0;7.0;1.0;B01
200900018703;0;1;0;12.0;0.0;7.0;1.0;A01
200900018721;0;1;0;0.0;1.0;1.0;1.0;A01
200900018783;0;1;0;0.0;0.0;8.0;1.0;B01
200900018786;0;1;0;0.0;0.0;7.0;1.0;B01
200900018820;0;1;0;0.0;2.0;4.0;1.0;B02
200900018830;0;1;0;0.0;2.0;7.0;19.0;B01
200900018885;0;1;0;0.0;2.0;1.0;1.0;A01
200900018922;0;1;0;1.0;0.0;2.0;1.0;A01
200900018959;0;1;0;0.0;2.0;2.0;10.0;B01
200900018998;0;1;0;0.0;2.0;1.0;19.0;B01
200900019002;0;1;0;1.0;0.0;1.0;1.0;A01
200900019007;0;1;0;1.0;0.0;1.0;0.0;A01
200900019035;0;1;0;0.0;2.0;8.0;15.0;B01
200900019076;0;1;0;0.0;2.0;8.0;1.0;B01
200900019077;0;1;0;0.0;0.0;1.0;0.0;A01
200900019090;0;1;0;0.0;2.0;1.0;5.0;B01
200900019094;0;1;0;0.0;0.0;7.0;1.0;A01
200900019106;0;1;0;0.0;0.0;1.0;19.0;B01
200900019112;0;1;0;0.0;2.0;3.0;1.0;B01
200900019124;0;1;0;0.0;2.0;1.0;1.0;B01
200900019130;0;1;0;0.0;2.0;1.0;19.0;B01
200900019150;0;1;0;0.0;2.0;1.0;1.0;B01
200900019170;0;1;0;0.0;1.0;1.0;1.0;A01
200900019210;0;1;0;1.0;0.0;1.0;1.0;B01
200900019213;0;1;0;0.0;0.0;1.0;2.0;A01
200900019234;0;1;0;0.0;2.0;2.0;1.0;B01
200900019279;0;1;0;0.0;2.0;4.0;2.0;B01
200900019311;0;1;0;0.0;2.0;0.0;15.0;B01
200900019328;0;1;0;0.0;0.0;9.0;1.0;A01
200900019330;0;1;0;0.0;2.0;1.0;1.0;A01
200900019335;0;1;0;0.0;2.0;8.0;1.0;B01
200900019336;1;1;0;0.0;1.0;1.0;1.0;A01
200900019339;0;1;0;0.0;2.0;1.0;1.0;A01
200900019347;0;1;0;0.0;2.0;1.0;1.0;B01
200900019356;0;1;0;0.0;2.0;7.0;1.0;B01
200900019358;0;1;0;0.0;2.0;1.0;19.0;B01
200900019360;0;1;0;0.0;1.0;0.0;1.0;A01
200900019373;0;1;0;0.0;2.0;1.0;1.0;B02
200900019389;0;1;0;0.0;2.0;1.0;0.0;B01
200900019411;0;1;0;0.0;2.0;3.0;19.0;A01
200900019412;0;1;0;0.0;2.0;1.0;16.0;B01
200900019424;0;1;0;0.0;2.0;3.0;1.0;A01
200900019452;0;1;0;0.0;2.0;1.0;15.0;A01
200900019454;0;1;0;0.0;2.0;1.0;19.0;B01
200900019462;0;1;0;0.0;2.0;1.0;1.0;A01
200900019468;0;1;0;0.0;2.0;2.0;1.0;B01
200900019473;0;1;0;0.0;2.0;3.0;0.0;B01
200900019481;0;1;0;0.0;2.0;1.0;1.0;A01
200900019485;0;1;0;0.0;0.0;1.0;16.0;B01
200900019491;0;1;0;0.0;2.0;1.0;1.0;B01
200900019499;0;1;0;0.0;1.0;1.0;1.0;A01
200900019510;0;1;0;0.0;2.0;1.0;5.0;B02
200900019518;0;1;0;6.0;0.0;0.0;1.0;A01
200900019519;0;1;0;0.0;2.0;1.0;21.0;B02
200900019533;0;1;0;0.0;2.0;8.0;19.0;A01
200900019539;0;1;0;0.0;2.0;8.0;1.0;B01
200900019539;0;1;0;0.0;2.0;8.0;1.0;C01
200900019561;0;1;0;0.0;2.0;4.0;1.0;B01
200900019563;0;1;0;0.0;2.0;1.0;5.0;A01
200900019592;0;1;0;0.0;2.0;1.0;0.0;A01
200900019608;0;1;0;9.0;0.0;1.0;1.0;A01
200900019630;0;1;0;0.0;0.0;8.0;19.0;B02
200900019634;0;1;0;0.0;0.0;3.0;13.0;A01
200900019635;0;1;0;0.0;;1.0;1.0;A01
200900019660;0;1;0;0.0;2.0;1.0;1.0;B01
200900019674;0;1;0;0.0;2.0;1.0;15.0;A01
200900019676;0;1;0;0.0;0.0;4.0;1.0;B02
200900019687;0;1;0;0.0;2.0;1.0;1.0;B01
200900019692;0;1;0;0.0;2.0;1.0;0.0;B01
200900019696;0;1;0;0.0;2.0;1.0;15.0;A01
200900019698;0;1;0;0.0;2.0;8.0;19.0;B01
200900019716;0;1;0;0.0;2.0;0.0;19.0;B01
200900019727;0;1;0;0.0;2.0;1.0;1.0;B01
200900019728;0;1;0;0.0;2.0;1.0;1.0;B01
200900019729;0;1;0;0.0;2.0;8.0;1.0;B01
200900019731;0;1;0;0.0;2.0;0.0;1.0;B01
200900019733;0;1;0;0.0;2.0;1.0;1.0;A01
200900019737;0;1;0;0.0;2.0;1.0;1.0;B01
200900019739;0;1;0;0.0;2.0;3.0;13.0;A01
200900019740;0;1;0;0.0;2.0;1.0;1.0;A01
200900019745;0;1;0;0.0;1.0;1.0;1.0;A01
200900019746;0;1;0;1.0;0.0;1.0;1.0;B01
200900019763;0;1;0;0.0;0.0;0.0;1.0;A01
200900019770;0;1;0;0.0;2.0;1.0;16.0;B02
200900019772;0;1;0;0.0;2.0;1.0;1.0;A01
200900019772;0;1;0;0.0;2.0;1.0;15.0;B02
200900019773;0;1;0;0.0;2.0;1.0;1.0;A01