Num_Acc;senc;catv;occutc;obs;obsm;choc;manv;num_veh
200900025400;0;1;0;0.0;2.0;7.0;1.0;B02
200900025406;0;1;0;0.0;2.0;1.0;1.0;B02
200900025409;0;1;0;0.0;2.0;4.0;11.0;B02
200900025425;0;1;0;0.0;2.0;8.0;19.0;B01
200900025426;0;1;0;0.0;2.0;1.0;1.0;B01
200900025427;0;1;0;0.0;2.0;6.0;1.0;B01
200900025430;0;1;0;0.0;2.0;1.0;1.0;B01
200900025433;0;1;0;0.0;2.0;1.0;1.0;B01
200900025443;0;1;0;0.0;2.0;1.0;1.0;B01
200900025444;0;1;0;0.0;2.0;3.0;16.0;B01
200900025445;0;1;0;0.0;2.0;1.0;15.0;B01
200900025447;0;1;0;0.0;1.0;1.0;1.0;A01
200900025459;0;1;0;0.0;2.0;6.0;15.0;B01
200900025462;0;1;0;0.0;2.0;1.0;1.0;B01
200900025463;0;1;0;0.0;2.0;1.0;1.0;B01
200900025464;0;1;0;12.0;0.0;1.0;1.0;A01
200900025470;0;1;0;0.0;2.0;4.0;2.0;B01
200900025474;0;1;0;0.0;2.0;1.0;2.0;A01
200900025487;0;1;0;1.0;0.0;1.0;1.0;B01
200900025499;0;1;0;0.0;2.0;4.0;2.0;B01
200900025502;0;1;0;0.0;2.0;0.0;0.0;A01
200900025563;0;1;0;0.0;1.0;1.0;1.0;A01
200900025567;0;1;0;0.0;2.0;0.0;0.0;B01
200900025578;0;1;0;0.0;2.0;1.0;2.0;B01
200900025583;0;1;0;0.0;2.0;4.0;15.0;B01
200900025584;0;1;0;12.0;0.0;1.0;1.0;A01
200900025586;0;1;0;0.0;0.0;4.0;9.0;A01
200900025601;0;1;0;0.0;2.0;8.0;15.0;B02
200900025611;0;1;0;0.0;2.0;8.0;1.0;B02
200900025617;0;1;0;0.0;0.0;1.0;2.0;A01
200900025621;0;1;0;0.0;2.0;1.0;1.0;A01
200900025624;0;1;0;0.0;2.0;0.0;1.0;B01
200900025625;0;1;0;0.0;2.0;1.0;1.0;B01
200900025630;0;1;0;0.0;2.0;2.0;1.0;B01
200900025643;0;1;0;0.0;2.0;1.0;1.0;B02
200900025649;0;1;0;0.0;2.0;0.0;18.0;B02
200900025655;0;1;0;0.0;2.0;1.0;15.0;B02
200900025659;0;1;0;6.0;0.0;7.0;15.0;A01
200900025697;0;1;0;0.0;2.0;1.0;1.0;A01
200900025700;0;1;0;0.0;2.0;4.0;0.0;A01
200900025704;0;1;0;0.0;2.0;7.0;19.0;A01
200900025705;0;1;0;0.0;2.0;4.0;15.0;B01
200900025719;0;1;0;0.0;2.0;1.0;1.0;B01
200900025744;0;1;0;0.0;2.0;1.0;1.0;B01
200900025779;0;1;0;0.0;2.0;0.0;19.0;B01
200900025782;0;1;0;;2.0;1.0;21.0;A01
200900025784;0;1;0;0.0;0.0;0.0;1.0;A01
200900025789;0;1;0;0.0;2.0;7.0;19.0;B01
200900025792;0;1;0;0.0;2.0;4.0;0.0;B01
200900025804;0;1;0;0.0;1.0;1.0;1.0;A01
200900025810;0;1;0;0.0;2.0;1.0;5.0;B01
200900025852;0;1;0;0.0;2.0;2.0;17.0;A01
200900025853;0;1;0;0.0;2.0;4.0;2.0;B02
200900025873;0;1;0;0.0;0.0;4.0;1.0;B01
200900025893;0;1;0;0.0;2.0;1.0;1.0;A01
200900025897;0;1;0;0.0;0.0;0.0;0.0;A01
200900025921;0;1;0;0.0;2.0;3.0;21.0;A01
200900025950;0;1;0;0.0;2.0;1.0;17.0;A01
200900025952;0;1;0;0.0;2.0;1.0;1.0;B01
200900025954;0;1;0;0.0;0.0;0.0;0.0;A01
200900025976;0;1;0;0.0;2.0;4.0;2.0;B01
200900025991;0;1;0;0.0;2.0;1.0;1.0;A01
200900025991;0;1;0;0.0;2.0;8.0;1.0;B01
200900025995;0;1;0;0.0;2.0;1.0;1.0;B01
200900025997;0;1;0;0.0;2.0;1.0;1.0;B01
200900026006;0;1;0;0.0;0.0;1.0;15.0;B02
200900026016;0;1;0;0.0;2.0;1.0;16.0;B02
200900026019;0;1;0;0.0;0.0;8.0;1.0;A01
200900026029;0;1;0;1.0;0.0;1.0;1.0;A01
200900026037;0;1;0;8.0;0.0;1.0;1.0;A01
200900026041;0;1;0;0.0;2.0;8.0;1.0;B01
200900026042;0;1;0;0.0;2.0;1.0;21.0;A01
200900026043;0;1;0;0.0;2.0;8.0;18.0;B01
200900026045;0;1;0;0.0;1.0;1.0;1.0;A01
200900026046;0;1;0;0.0;2.0;8.0;1.0;B01
200900026047;0;1;0;0.0;2.0;1.0;1.0;A01
200900026050;0;1;0;0.0;2.0;1.0;1.0;B01
200900026058;0;1;0;0.0;2.0;2.0;1.0;B01
200900026060;0;1;0;0.0;2.0;1.0;1.0;A01
200900026066;0;1;0;0.0;2.0;2.0;16.0;B02
200900026091;0;1;0;0.0;2.0;6.0;19.0;A01
200900026092;0;1;0;0.0;2.0;1.0;0.0;B01
200900026093;0;1;0;0.0;2.0;8.0;0.0;A01
200900026128;0;1;0;0.0;2.0;1.0;1.0;B02
200900026131;0;1;0;0.0;2.0;8.0;0.0;B02
200900026136;0;1;0;0.0;2.0;1.0;1.0;B01
200900026149;0;1;0;0.0;2.0;1.0;13.0;A01
200900026150;0;1;0;1.0;0.0;1.0;0.0;B01
200900026151;0;1;0;0.0;2.0;4.0;19.0;B01
200900026163;0;1;0;0.0;0.0;1.0;1.0;B01
200900026179;0;1;0;0.0;2.0;1.0;1.0;B02
200900026196;0;1;0;0.0;2.0;1.0;13.0;A01
200900026215;0;1;0;0.0;2.0;1.0;18.0;A01
200900026233;0;1;0;0.0;2.0;4.0;1.0;A01
200900026241;0;1;0;0.0;2.0;4.0;1.0;B02
200900026243;0;1;0;0.0;1.0;1.0;1.0;A01
200900026253;0;1;0;0.0;2.0;4.0;2.0;B01
200900026254;0;1;0;0.0;2.0;3.0;18.0;B01
200900026255;0;1;0;0.0;2.0;1.0;19.0;B02
200900026276;0;1;0;0.0;5.0;1.0;1.0;A01
200900026281;0;1;0;1.0;0.0;1.0;19.0;B01
200900026282;0;1;0;0.0;2.0;1.0;1.0;B01
200900026288;0;1;0;0.0;0.0;4.0;1.0;B01
200900026289;0;1;0;0.0;0.0;0.0;0.0;B02
200900026312;0;1;0;0.0;2.0;1.0;1.0;B02
200900026348;0;1;0;0.0;0.0;0.0;1.0;A01
200900026349;0;1;0;0.0;2.0;1.0;13.0;A01
200900026349;0;1;0;0.0;2.0;1.0;1.0;B01
200900026356;0;1;0;0.0;2.0;8.0;1.0;B02
200900026364;0;1;0;0.0;2.0;8.0;2.0;B01
200900026371;0;1;0;0.0;2.0;7.0;19.0;B01
200900026373;0;1;0;0.0;2.0;1.0;19.0;B01
200900026413;0;1;0;0.0;1.0;1.0;2.0;A01
200900026422;0;1;0;0.0;2.0;8.0;1.0;B02
200900026424;0;1;0;0.0;2.0;3.0;1.0;B02
200900026425;0;1;0;0.0;2.0;3.0;1.0;B02
200900026437;0;1;0;0.0;2.0;0.0;0.0;B01
200900026458;0;1;0;0.0;2.0;1.0;21.0;B01
200900026459;0;1;0;0.0;1.0;1.0;1.0;A01
200900026461;0;1;0;0.0;2.0;7.0;15.0;B01
200900026465;0;1;0;0.0;2.0;1.0;1.0;B01
200900026467;0;1;0;0.0;2.0;1.0;1.0;A01
200900026471;0;1;0;0.0;2.0;0.0;2.0;A01
200900026482;0;1;0;0.0;9.0;4.0;1.0;B02
200900026504;0;1;0;0.0;2.0;1.0;1.0;B02
200900026508;0;1;0;0.0;0.0;4.0;13.0;B02
200900026534;0;1;0;0.0;2.0;1.0;17.0;B01
200900026535;0;1;0;0.0;2.0;1.0;1.0;B01
200900026537;0;1;0;0.0;2.0;1.0;19.0;B01
200900026555;0;1;0;0.0;0.0;0.0;9.0;A01
200900026571;0;1;0;0.0;2.0;1.0;1.0;B02
200900026586;0;1;0;0.0;2.0;1.0;15.0;B02
200900026589;0;1;0;16.0;9.0;1.0;1.0;A01
200900026616;0;1;0;0.0;2.0;1.0;15.0;B01
200900026624;0;1;0;0.0;2.0;1.0;13.0;A01
200900026658;0;1;0;0.0;2.0;0.0;15.0;B01
200900026665;0;1;0;0.0;1.0;1.0;5.0;A01
200900026674;0;1;0;0.0;1.0;1.0;1.0;A01
200900026675;0;1;0;0.0;0.0;0.0;7.0;A01
200900026698;0;1;0;0.0;2.0;3.0;23.0;B01
200900026706;0;1;0;0.0;2.0;1.0;1.0;A01
200900026707;0;1;0;0.0;2.0;1.0;1.0;B01
200900026716;0;1;0;0.0;2.0;7.0;1.0;A01
200900026761;0;1;0;0.0;1.0;1.0;1.0;A01
200900026772;0;1;0;0.0;1.0;1.0;1.0;A01
200900026790;0;1;0;0.0;2.0;7.0;19.0;B01
200900026792;0;1;0;0.0;2.0;1.0;1.0;B01
200900026797;0;1;0;0.0;1.0;1.0;1.0;A01
200900026805;0;1;0;15.0;0.0;1.0;14.0;A01
200900026834;0;1;0;0.0;2.0;0.0;9.0;B01
200900026862;0;1;0;0.0;2.0;1.0;19.0;A01
200900026879;0;1;0;0.0;2.0;4.0;23.0;C01
200900026879;0;1;0;0.0;2.0;4.0;23.0;B01
200900026882;0;1;0;0.0;2.0;1.0;1.0;B01
200900026903;0;1;0;0.0;2.0;3.0;1.0;A01
200900026906;0;1;0;0.0;2.0;0.0;15.0;A01
200900026919;0;1;0;0.0;2.0;8.0;1.0;B01
200900026932;0;1;0;0.0;2.0;1.0;1.0;A01
200900026935;0;1;0;0.0;2.0;7.0;23.0;B01
200900026955;0;1;0;0.0;2.0;8.0;9.0;A01
200900026955;0;1;0;0.0;2.0;1.0;1.0;B01
200900026960;0;1;0;0.0;0.0;0.0;1.0;A01
200900026978;0;1;0;0.0;1.0;1.0;1.0;A01
200900026985;0;1;0;0.0;2.0;8.0;18.0;A01
200900027010;0;1;0;0.0;2.0;8.0;1.0;B01
200900027016;0;1;0;0.0;2.0;1.0;2.0;A01
200900027030;0;1;0;0.0;2.0;8.0;7.0;B01
200900027036;0;1;0;0.0;2.0;1.0;1.0;B01
200900027037;0;1;0;0.0;2.0;3.0;1.0;A01
200900027053;0;1;0;0.0;1.0;1.0;14.0;A01
200900027059;0;1;0;0.0;1.0;1.0;7.0;A01
200900027060;0;1;0;0.0;2.0;4.0;2.0;A01
200900027071;0;1;0;0.0;1.0;1.0;1.0;A01
200900027118;0;1;0;0.0;2.0;8.0;2.0;B01
200900027130;0;1;0;0.0;2.0;4.0;2.0;B01
200900027132;0;1;0;0.0;2.0;4.0;13.0;A01
200900027149;0;1;0;0.0;1.0;1.0;7.0;A01
200900027159;0;1;0;0.0;2.0;1.0;1.0;B01
200900027198;0;1;0;0.0;2.0;7.0;7.0;B01
200900027223;0;1;0;0.0;2.0;4.0;0.0;B01
200900027229;0;1;0;0.0;2.0;0.0;1.0;A01
200900027269;0;1;0;0.0;2.0;0.0;7.0;B01
200900027289;0;1;0;0.0;1.0;1.0;16.0;A01
200900027294;0;1;0;0.0;2.0;4.0;2.0;B01
200900027312;0;1;0;0.0;0.0;1.0;21.0;A01
200900027329;0;1;0;0.0;2.0;1.0;5.0;A01
200900027338;0;1;0;0.0;2.0;1.0;16.0;B01
200900027343;0;1;0;0.0;2.0;3.0;19.0;B01
200900027366;0;1;0;0.0;2.0;0.0;1.0;B01
200900027374;0;1;0;0.0;2.0;1.0;2.0;A01
200900027375;0;1;0;0.0;2.0;1.0;1.0;B01
200900027396;0;1;0;0.0;2.0;1.0;1.0;B01
200900027412;0;1;0;0.0;2.0;8.0;19.0;B01
200900027425;0;1;0;0.0;2.0;5.0;11.0;A01
200900027451;0;1;0;0.0;0.0;0.0;1.0;A01
200900027453;0;1;0;8.0;2.0;1.0;1.0;B01
200900027484;0;1;0;0.0;2.0;0.0;1.0;A01
200900027510;0;1;0;0.0;0.0;0.0;1.0;A01
200900027516;0;1;0;0.0;2.0;7.0;17.0;A01
200900027516;0;1;0;0.0;2.0;8.0;1.0;B01
200900027524;0;1;0;0.0;2.0;1.0;19.0;A01
200900027527;0;1;0;13.0;0.0;1.0;1.0;A01
200900027528;0;1;0;0.0;2.0;1.0;5.0;A01
200900027531;0;1;0;0.0;2.0;6.0;19.0;B01
200900027537;0;1;0;0.0;2.0;1.0;19.0;A01
200900027562;0;1;0;0.0;2.0;1.0;1.0;B01
200900027574;0;1;0;0.0;2.0;1.0;10.0;B02
200900027618;0;1;0;0.0;2.0;8.0;1.0;B01
200900027632;0;1;0;0.0;2.0;4.0;1.0;A01
200900027655;0;1;0;0.0;2.0;0.0;1.0;B01
200900027660;0;1;0;0.0;2.0;7.0;1.0;B01
200900027665;0;1;0;0.0;2.0;1.0;1.0;B01
200900027694;0;1;0;0.0;2.0;1.0;1.0;B02
200900027709;0;1;0;0.0;0.0;8.0;1.0;B01
200900027718;0;1;0;0.0;2.0;0.0;1.0;B01
200900027729;0;1;0;0.0;2.0;1.0;6.0;B02
200900027733;0;1;0;0.0;2.0;0.0;1.0;B02
200900027769;0;1;0;0.0;2.0;1.0;9.0;B02
200900027772;0;1;0;0.0;2.0;1.0;9.0;B02
200900027802;0;1;0;0.0;0.0;4.0;1.0;B02
200900027833;0;1;0;0.0;2.0;1.0;1.0;B02
200900027840;0;1;0;0.0;0.0;8.0;2.0;C01
200900027840;0;1;0;0.0;0.0;8.0;2.0;B01
200900027846;0;1;0;0.0;2.0;1.0;1.0;B01
200900027889;0;1;0;0.0;0.0;0.0;1.0;A01
200900027890;0;1;0;0.0;2.0;1.0;2.0;B01
200900027891;0;1;0;0.0;1.0;0.0;0.0;A01
200900027895;0;1;0;0.0;2.0;1.0;1.0;B01
200900027897;0;1;0;0.0;1.0;1.0;5.0;A01
200900027904;0;1;0;0.0;2.0;1.0;1.0;B01
200900027908;0;1;0;0.0;2.0;2.0;9.0;B01
200900027909;0;1;0;0.0;2.0;1.0;1.0;B01
200900027909;0;1;0;0.0;2.0;1.0;1.0;C01
200900027955;0;1;0;0.0;0.0;8.0;1.0;B02
200900027957;0;1;0;0.0;2.0;1.0;0.0;B02
200900027960;0;1;0;0.0;2.0;5.0;19.0;B02
200900027972;0;1;0;0.0;2.0;7.0;19.0;B01
200900027974;0;1;0;0.0;2.0;1.0;1.0;B01
200900028002;0;1;0;0.0;0.0;3.0;13.0;B02
200900028015;0;1;0;0.0;2.0;1.0;1.0;A01
200900028030;0;1;0;0.0;2.0;8.0;1.0;A01
200900028048;0;1;0;6.0;0.0;0.0;14.0;A01
200900028056;0;1;0;0.0;0.0;7.0;1.0;A01
200900028067;0;1;0;0.0;2.0;7.0;19.0;A01
200900028097;0;1;0;0.0;2.0;1.0;9.0;B01
200900028136;0;1;0;0.0;2.0;1.0;16.0;A01
200900028158;0;1;0;0.0;2.0;8.0;1.0;B02
200900028199;0;1;0;0.0;2.0;1.0;5.0;A01
200900028208;0;1;0;0.0;2.0;8.0;15.0;A01
200900028220;0;1;0;0.0;2.0;8.0;15.0;A01
200900028225;0;1;0;0.0;2.0;5.0;9.0;B02
200900028236;0;1;0;1.0;0.0;1.0;1.0;A01
200900028244;0;1;0;0.0;2.0;8.0;1.0;B02
200900028268;0;1;0;0.0;0.0;7.0;6.0;B02
200900028279;0;1;0;0.0;2.0;4.0;1.0;B01
200900028281;0;1;0;0.0;2.0;1.0;19.0;A01
200900028302;0;1;0;0.0;2.0;7.0;19.0;B02
200900028306;0;1;0;0.0;2.0;8.0;1.0;B02
200900028313;0;1;0;0.0;0.0;0.0;1.0;A01
200900028319;0;1;0;0.0;2.0;4.0;15.0;C03
200900028319;0;1;0;0.0;2.0;4.0;15.0;B02
200900028353;0;1;0;0.0;0.0;1.0;1.0;A01
200900028370;0;1;0;0.0;2.0;1.0;1.0;B01
200900028371;0;1;0;0.0;2.0;7.0;1.0;B01
200900028372;0;1;0;0.0;0.0;0.0;1.0;A01
200900028379;0;1;0;0.0;2.0;4.0;1.0;A01
200900028465;0;1;0;0.0;0.0;8.0;1.0;A01
200900028499;0;1;0;0.0;2.0;8.0;19.0;A01
200900028536;0;1;0;0.0;0.0;1.0;19.0;A01
200900028543;0;1;0;0.0;2.0;1.0;1.0;B01
200900028573;0;1;0;0.0;0.0;1.0;1.0;B01
200900028577;0;1;0;0.0;2.0;4.0;13.0;B02
200900028585;0;1;0;0.0;2.0;4.0;13.0;B02
200900028586;0;1;0;0.0;2.0;1.0;1.0;B02
200900028594;0;1;0;0.0;2.0;1.0;1.0;B01
200900028621;0;1;0;0.0;2.0;4.0;1.0;B02
200900028629;0;1;0;0.0;0.0;8.0;13.0;B02
200900028669;0;1;0;0.0;1.0;1.0;1.0;A01
200900028712;0;1;0;10.0;0.0;0.0;0.0;A01
200900028722;0;1;0;0.0;2.0;8.0;15.0;B02
200900028742;0;1;0;0.0;2.0;1.0;15.0;B02
200900028746;0;1;0;0.0;2.0;1.0;1.0;B01
200900028747;0;1;0;0.0;2.0;1.0;19.0;B01
200900028764;0;1;0;0.0;2.0;1.0;19.0;B02
200900028766;0;1;0;0.0;2.0;4.0;2.0;B02
200900028767;0;1;0;0.0;2.0;1.0;1.0;B01
200900028771;0;1;0;0.0;2.0;1.0;0.0;B01
200900028785;0;1;0;0.0;0.0;0.0;1.0;A01
200900028802;0;1;0;0.0;2.0;6.0;19.0;A01
200900028803;0;1;0;0.0;2.0;8.0;1.0;B02
200900028818;0;1;0;0.0;0.0;4.0;1.0;B02
200900028818;0;1;0;0.0;2.0;1.0;17.0;A01
200900028824;0;1;0;0.0;0.0;4.0;1.0;B01
200900028848;0;1;0;13.0;0.0;0.0;15.0;A01
200900028856;0;1;0;0.0;1.0;2.0;1.0;A01
200900028862;0;1;0;;0.0;4.0;1.0;B02
200900028879;0;1;0;0.0;0.0;0.0;1.0;A01
200900028915;0;1;0;0.0;2.0;4.0;2.0;B01
200900028972;0;1;0;0.0;2.0;1.0;1.0;B01
200900029008;0;1;0;0.0;2.0;1.0;1.0;B01
200900029042;0;1;0;0.0;2.0;1.0;1.0;B01
200900029176;0;1;0;0.0;2.0;6.0;1.0;B01
200900029221;0;1;0;0.0;2.0;2.0;15.0;A01
200900029250;0;1;0;1.0;0.0;1.0;17.0;B01
200900029259;0;1;0;0.0;2.0;5.0;1.0;B01
200900029267;0;1;0;0.0;1.0;0.0;0.0;A01
200900029271;0;1;0;0.0;2.0;1.0;15.0;A01
200900029283;0;1;0;0.0;2.0;0.0;1.0;B01
200900029285;0;1;0;0.0;2.0;1.0;0.0;B01
200900029312;0;1;0;0.0;2.0;8.0;1.0;B01
200900029314;0;1;0;0.0;2.0;0.0;1.0;A01
200900029315;0;1;0;0.0;1.0;1.0;1.0;A01
200900029331;0;1;0;0.0;2.0;1.0;2.0;B01
200900029347;0;1;0;0.0;2.0;1.0;1.0;B01
200900029374;0;1;0;0.0;2.0;3.0;1.0;B01
200900029382;0;1;0;0.0;0.0;7.0;1.0;B01
200900029393;0;1;0;0.0;2.0;4.0;1.0;B01
200900029425;0;1;0;0.0;2.0;7.0;1.0;B01
200900029435;0;1;0;0.0;2.0;8.0;1.0;A01
200900029461;0;1;0;0.0;2.0;2.0;1.0;B01
200900029468;0;1;0;0.0;2.0;1.0;1.0;B01
200900029473;0;1;0;1.0;2.0;1.0;1.0;B01
200900029475;0;1;0;0.0;2.0;1.0;1.0;A01
200900029476;0;1;0;0.0;0.0;4.0;1.0;B01
200900029497;0;1;0;0.0;2.0;8.0;9.0;A01
200900029501;0;1;0;0.0;2.0;1.0;1.0;B01
200900029519;0;1;0;0.0;2.0;1.0;1.0;B01
200900029525;0;1;0;0.0;2.0;8.0;13.0;A01
200900029530;0;1;0;0.0;2.0;1.0;13.0;B01
200900029534;0;1;0;0.0;0.0;1.0;1.0;B02
200900029536;0;1;0;1.0;0.0;1.0;1.0;B02
200900029541;0;1;0;0.0;2.0;1.0;1.0;C03
200900029541;0;1;0;0.0;9.0;1.0;1.0;A01
200900029541;0;1;0;0.0;2.0;4.0;1.0;B02
200900029551;0;1;0;0.0;2.0;1.0;1.0;A01
200900029556;0;1;0;0.0;2.0;1.0;1.0;A01
200900029559;0;1;0;0.0;2.0;8.0;1.0;A01
200900029570;0;1;0;0.0;2.0;4.0;2.0;A01
200900029571;0;1;0;0.0;2.0;1.0;1.0;A01
200900029578;0;1;0;0.0;2.0;8.0;1.0;B02
200900029586;0;1;0;0.0;2.0;6.0;0.0;B02
200900029598;0;1;0;13.0;0.0;1.0;1.0;A01
200900029602;0;1;0;0.0;0.0;0.0;1.0;A01
200900029610;0;1;0;0.0;2.0;1.0;0.0;B01
200900029614;0;1;0;0.0;2.0;7.0;1.0;B02
200900029619;0;1;0;0.0;2.0;1.0;1.0;B01
200900029629;0;1;0;0.0;2.0;1.0;1.0;B01
200900029637;0;1;0;0.0;2.0;1.0;1.0;A01
200900029645;0;1;0;13.0;0.0;1.0;1.0;A01
200900029648;0;1;0;0.0;2.0;1.0;1.0;B01
200900029661;0;1;0;0.0;2.0;1.0;5.0;A01
200900029686;0;1;0;0.0;2.0;1.0;15.0;A01
200900029687;0;1;0;0.0;2.0;0.0;1.0;B02
200900029692;0;1;0;0.0;2.0;1.0;2.0;B01
200900029695;0;1;0;0.0;0.0;4.0;1.0;B01
200900029699;0;1;0;0.0;2.0;1.0;1.0;B01
200900029713;0;1;0;0.0;2.0;1.0;1.0;A01
200900029715;0;1;0;0.0;2.0;1.0;1.0;B01
200900029738;0;1;0;0.0;0.0;0.0;0.0;B02
200900029741;0;1;0;16.0;0.0;0.0;1.0;B02
200900029747;0;1;0;0.0;2.0;3.0;19.0;B02
200900029761;0;1;0;0.0;2.0;2.0;1.0;B01
200900029765;0;1;0;0.0;2.0;1.0;1.0;B01
200900029770;0;1;0;9.0;0.0;0.0;1.0;A01
200900029772;0;1;0;0.0;2.0;8.0;1.0;C01
200900029772;0;1;0;0.0;0.0;0.0;16.0;A01
200900029780;0;1;0;0.0;2.0;1.0;1.0;B01
200900029781;0;1;0;0.0;0.0;1.0;1.0;A01
200900029825;0;1;0;0.0;2.0;1.0;1.0;A01
200900029834;0;1;0;0.0;2.0;8.0;13.0;A01
200900029846;0;1;0;1.0;0.0;1.0;1.0;A01
200900029853;0;1;0;0.0;2.0;8.0;11.0;A01
200900029854;0;1;0;0.0;2.0;8.0;15.0;B02
200900029859;0;1;0;1.0;0.0;1.0;1.0;B01
200900029862;0;1;0;0.0;2.0;0.0;21.0;B01
200900029865;0;1;0;0.0;2.0;3.0;1.0;A01
200900029884;0;1;0;0.0;2.0;1.0;11.0;A01
200900029885;0;1;0;0.0;2.0;4.0;1.0;A01
200900029891;0;1;0;0.0;0.0;6.0;15.0;B02
200900029942;0;1;0;0.0;2.0;8.0;1.0;A01
200900029948;0;1;0;0.0;2.0;4.0;2.0;A01
200900029977;0;1;0;0.0;2.0;4.0;11.0;B01
200900029980;0;1;0;0.0;2.0;8.0;11.0;A01
200900029990;0;1;0;;2.0;1.0;16.0;A01
200900030036;0;1;0;1.0;0.0;1.0;1.0;B01
200900030039;0;1;0;1.0;0.0;1.0;1.0;A01
200900030060;0;1;0;0.0;2.0;1.0;1.0;B01
200900030062;0;1;0;0.0;0.0;1.0;5.0;B01
200900030066;0;1;0;0.0;2.0;1.0;1.0;B01
200900030077;0;1;0;0.0;0.0;4.0;1.0;B01
200900030085;0;1;0;0.0;2.0;1.0;15.0;A01
200900030087;0;1;0;0.0;2.0;1.0;1.0;A01
200900030094;0;1;0;0.0;1.0;1.0;2.0;A01
200900030098;0;1;0;0.0;0.0;4.0;1.0;B01
200900030103;0;1;0;0.0;2.0;1.0;5.0;A01
200900030110;0;1;0;0.0;2.0;1.0;15.0;B01
200900030124;0;1;0;0.0;0.0;2.0;1.0;A01
200900030128;0;1;0;0.0;4.0;1.0;15.0;A01
200900030131;0;1;0;0.0;2.0;4.0;1.0;B01
200900030132;0;1;0;1.0;2.0;1.0;1.0;B01
200900030157;0;1;0;0.0;0.0;0.0;2.0;A01
200900030163;0;1;0;0.0;2.0;8.0;1.0;B02
200900030187;0;1;0;0.0;0.0;6.0;1.0;B01
200900030236;0;1;0;0.0;2.0;3.0;13.0;A01
200900030242;0;1;0;0.0;0.0;0.0;1.0;B01
200900030246;0;1;0;0.0;4.0;1.0;19.0;A01
200900030259;0;1;0;0.0;2.0;1.0;1.0;A01
200900030268;0;1;0;0.0;2.0;0.0;1.0;B01
200900030275;0;1;0;0.0;2.0;1.0;2.0;B01
200900030281;0;1;0;0.0;0.0;4.0;1.0;B01
200900030304;0;1;0;0.0;2.0;1.0;13.0;A01
200900030329;0;1;0;0.0;2.0;1.0;1.0;A01
200900030353;0;1;0;0.0;2.0;8.0;1.0;B02
200900030363;0;1;0;0.0;2.0;8.0;1.0;C03
200900030369;0;1;0;0.0;2.0;7.0;1.0;B02
200900030373;0;1;0;0.0;2.0;7.0;1.0;B02
200900030377;0;1;0;0.0;2.0;1.0;1.0;B02
200900030414;0;1;0;0.0;0.0;5.0;1.0;A01
200900030453;0;1;0;0.0;2.0;2.0;1.0;B01
200900030469;0;1;0;0.0;2.0;1.0;0.0;B01
200900030473;0;1;0;0.0;0.0;8.0;19.0;A01
200900030483;0;1;0;0.0;0.0;8.0;0.0;B01
200900030486;0;1;0;0.0;2.0;1.0;1.0;A01
200900030515;0;1;0;0.0;2.0;8.0;1.0;B01
200900030519;0;1;0;0.0;0.0;4.0;16.0;A01
200900030521;0;1;0;0.0;2.0;1.0;1.0;B01
200900030523;0;1;0;0.0;2.0;0.0;1.0;B01
200900030544;0;1;0;0.0;0.0;2.0;2.0;B01
200900030551;0;1;0;0.0;2.0;8.0;15.0;B02
200900030614;0;1;0;0.0;2.0;6.0;1.0;B02
200900030618;0;1;0;0.0;2.0;1.0;1.0;B01
200900030634;0;1;0;0.0;2.0;1.0;5.0;A01
200900030650;0;1;0;0.0;0.0;7.0;1.0;A01
200900030661;0;1;0;0.0;0.0;4.0;15.0;A01
200900030716;0;1;0;0.0;0.0;0.0;1.0;B01
200900030724;0;1;0;0.0;2.0;1.0;1.0;A01
200900030731;0;1;0;0.0;0.0;4.0;1.0;B01
200900030757;0;1;0;9.0;2.0;1.0;1.0;A01
200900030758;0;1;0;1.0;0.0;1.0;1.0;B01
200900030775;0;1;0;0.0;2.0;1.0;1.0;B01
200900030778;0;1;0;0.0;2.0;1.0;1.0;B01
200900030790;0;1;0;0.0;2.0;4.0;23.0;B01
200900030797;0;1;0;0.0;2.0;7.0;19.0;A01
200900030800;0;1;0;0.0;2.0;1.0;1.0;B01
200900030811;0;1;0;0.0;2.0;8.0;1.0;D04
200900030812;0;1;0;0.0;2.0;3.0;1.0;B01
200900030819;0;1;0;0.0;2.0;1.0;1.0;B01
200900030824;0;1;0;0.0;2.0;1.0;5.0;A01
200900030839;0;1;0;0.0;2.0;1.0;19.0;B01
200900030841;0;1;0;0.0;0.0;8.0;1.0;A01
200900030848;0;1;0;0.0;2.0;1.0;1.0;A01
200900030869;0;1;0;0.0;0.0;1.0;1.0;A01
200900030884;0;1;0;0.0;2.0;0.0;2.0;B01
200900030891;0;1;0;0.0;0.0;3.0;10.0;A01
200900030899;0;1;0;0.0;2.0;1.0;2.0;B01
200900030925;0;1;0;0.0;2.0;6.0;19.0;B01
200900030926;0;1;0;0.0;2.0;3.0;9.0;B01
200900030932;0;1;0;0.0;2.0;1.0;0.0;B02