Num_Acc;senc;catv;occutc;obs;obsm;choc;manv;num_veh
200900030946;0;1;0;0.0;2.0;4.0;2.0;B02
200900030960;0;1;0;0.0;2.0;7.0;1.0;B01
200900030961;0;1;0;0.0;2.0;1.0;1.0;A01
200900030966;0;1;0;0.0;2.0;1.0;1.0;B01
200900030989;0;1;0;0.0;0.0;0.0;1.0;A01
200900031000;0;1;0;0.0;2.0;1.0;1.0;B02
200900031005;0;1;0;0.0;1.0;1.0;2.0;A01
200900031014;0;1;0;0.0;2.0;4.0;2.0;B02
200900031088;0;1;0;0.0;0.0;8.0;1.0;B02
200900031089;0;1;0;0.0;0.0;0.0;14.0;A01
200900031091;0;1;0;0.0;2.0;1.0;1.0;A01
200900031103;0;1;0;0.0;0.0;0.0;14.0;A01
200900031150;0;1;0;0.0;2.0;4.0;23.0;B01
200900031172;0;1;0;0.0;0.0;4.0;15.0;B01
200900031175;0;1;0;0.0;2.0;7.0;1.0;A01
200900031180;0;1;0;0.0;2.0;1.0;0.0;B01
200900031182;0;1;0;0.0;2.0;7.0;19.0;B01
200900031189;0;1;0;0.0;2.0;8.0;19.0;A01
200900031197;0;1;0;0.0;2.0;0.0;0.0;B01
200900031213;0;1;0;0.0;2.0;1.0;19.0;B02
200900031220;0;1;0;0.0;2.0;4.0;14.0;A01
200900031251;0;1;0;0.0;0.0;8.0;23.0;C01
200900031252;0;1;0;0.0;2.0;8.0;1.0;B01
200900031254;0;1;0;0.0;2.0;1.0;1.0;B01
200900031266;0;1;0;0.0;2.0;1.0;19.0;A01
200900031276;0;1;0;0.0;2.0;8.0;19.0;B01
200900031287;0;1;0;0.0;2.0;4.0;1.0;B01
200900031306;0;1;0;0.0;2.0;1.0;1.0;B01
200900031314;0;1;0;0.0;2.0;1.0;1.0;B02
200900031317;0;1;0;0.0;2.0;1.0;1.0;B02
200900031338;0;1;0;0.0;1.0;0.0;0.0;A01
200900031349;0;1;0;0.0;9.0;0.0;1.0;B01
200900031362;0;1;0;0.0;2.0;1.0;2.0;A01
200900031362;0;1;0;0.0;2.0;4.0;2.0;B01
200900031364;0;1;0;0.0;2.0;0.0;15.0;B01
200900031392;0;1;0;0.0;1.0;1.0;1.0;A01
200900031402;0;1;0;0.0;2.0;1.0;1.0;B01
200900031407;0;1;0;0.0;2.0;1.0;19.0;A01
200900031411;0;1;0;0.0;2.0;1.0;2.0;B01
200900031411;0;1;0;0.0;2.0;1.0;2.0;A01
200900031415;0;1;0;0.0;2.0;1.0;1.0;B01
200900031424;0;1;0;0.0;0.0;1.0;1.0;A01
200900031436;0;1;0;0.0;2.0;0.0;1.0;B01
200900031439;0;1;0;0.0;2.0;8.0;13.0;B02
200900031440;0;1;0;0.0;2.0;1.0;13.0;A01
200900031448;0;1;0;0.0;0.0;4.0;13.0;A01
200900031453;0;1;0;1.0;0.0;1.0;1.0;B02
200900031456;0;1;0;0.0;2.0;8.0;15.0;A01
200900031465;0;1;0;0.0;2.0;7.0;1.0;B01
200900031481;0;1;0;10.0;0.0;0.0;1.0;A01
200900031482;0;1;0;0.0;2.0;7.0;1.0;B01
200900031494;0;1;0;0.0;0.0;0.0;0.0;A01
200900031502;0;1;0;0.0;0.0;0.0;1.0;B01
200900031504;0;1;0;0.0;2.0;4.0;17.0;B01
200900031506;0;1;0;0.0;0.0;0.0;1.0;A01
200900031508;0;1;0;0.0;0.0;0.0;0.0;A01
200900031534;0;1;0;0.0;0.0;0.0;0.0;A01
200900031538;0;1;0;0.0;2.0;0.0;0.0;B01
200900031540;0;1;0;0.0;0.0;0.0;1.0;A01
200900031542;0;1;0;0.0;2.0;1.0;1.0;A01
200900031546;0;1;0;0.0;2.0;4.0;1.0;B01
200900031576;0;1;0;0.0;2.0;1.0;2.0;A01
200900031583;0;1;0;0.0;2.0;0.0;0.0;B01
200900031603;0;1;0;0.0;0.0;0.0;1.0;A01
200900031605;0;1;0;0.0;2.0;8.0;19.0;B02
200900031616;0;1;0;0.0;2.0;3.0;1.0;B02
200900031643;0;1;0;0.0;9.0;1.0;5.0;A01
200900031643;0;1;0;0.0;0.0;0.0;5.0;B01
200900031644;0;1;0;0.0;2.0;1.0;1.0;B02
200900031652;0;1;0;0.0;2.0;1.0;19.0;A01
200900031683;0;1;0;0.0;;1.0;1.0;A01
200900031685;0;1;0;0.0;;1.0;1.0;B01
200900031689;0;1;0;0.0;2.0;1.0;17.0;A01
200900031728;0;1;0;0.0;2.0;3.0;13.0;B02
200900031728;0;1;0;0.0;9.0;5.0;17.0;C03
200900031731;0;1;0;11.0;0.0;0.0;15.0;A01
200900031738;0;1;0;0.0;2.0;6.0;1.0;B01
200900031746;0;1;0;0.0;2.0;1.0;1.0;B01
200900031747;0;1;0;0.0;2.0;1.0;1.0;B01
200900031748;0;1;0;0.0;2.0;1.0;6.0;B01
200900031755;0;1;0;0.0;2.0;1.0;19.0;B01
200900031775;0;1;0;0.0;2.0;4.0;1.0;B01
200900031780;0;1;0;0.0;2.0;0.0;1.0;B01
200900031794;0;1;0;0.0;2.0;7.0;0.0;A01
200900031799;0;1;0;0.0;2.0;0.0;19.0;B01
200900031804;0;1;0;0.0;2.0;1.0;5.0;A01
200900031814;0;1;0;0.0;2.0;1.0;1.0;A01
200900031822;0;1;0;0.0;2.0;7.0;1.0;B01
200900031823;0;1;0;0.0;2.0;7.0;1.0;B01
200900031830;0;1;0;0.0;0.0;1.0;1.0;B01
200900031835;0;1;0;0.0;1.0;1.0;1.0;A01
200900031848;0;1;0;0.0;2.0;0.0;1.0;B01
200900031849;0;1;0;0.0;2.0;8.0;2.0;B01
200900031859;0;1;0;0.0;2.0;3.0;1.0;B01
200900031961;0;1;0;0.0;2.0;4.0;1.0;B01
200900031967;0;1;0;0.0;2.0;4.0;1.0;C01
200900031967;0;1;0;0.0;2.0;4.0;6.0;B01
200900031969;0;1;0;1.0;0.0;1.0;2.0;A01
200900031970;0;1;0;0.0;2.0;1.0;1.0;B01
200900031971;1;1;0;0.0;1.0;1.0;1.0;A01
200900031982;0;1;0;0.0;0.0;4.0;13.0;A01
200900031990;0;1;0;0.0;2.0;8.0;19.0;A01
200900031991;0;1;0;0.0;2.0;8.0;0.0;A01
200900032002;0;1;0;0.0;2.0;1.0;1.0;B02
200900032036;0;1;0;0.0;0.0;4.0;1.0;B02
200900032067;0;1;0;0.0;2.0;1.0;1.0;B01
200900032070;0;1;0;0.0;2.0;5.0;1.0;A01
200900032071;0;1;0;0.0;2.0;1.0;19.0;A01
200900032078;0;1;0;0.0;2.0;1.0;17.0;A01
200900032105;0;1;0;0.0;2.0;1.0;1.0;B01
200900032107;0;1;0;0.0;2.0;1.0;5.0;A01
200900032162;0;1;0;1.0;0.0;1.0;1.0;B01
200900032173;0;1;0;0.0;2.0;7.0;19.0;B01
200900032179;0;1;0;0.0;2.0;1.0;1.0;A01
200900032183;0;1;0;0.0;2.0;4.0;2.0;B02
200900032259;0;1;0;0.0;2.0;0.0;0.0;A01
200900032284;0;1;0;0.0;1.0;1.0;1.0;A01
200900032298;0;1;0;0.0;5.0;1.0;1.0;A01
200900032303;0;1;0;0.0;2.0;6.0;1.0;A01
200900032313;0;1;0;0.0;2.0;2.0;1.0;A01
200900032323;0;1;0;0.0;2.0;6.0;23.0;B01
200900032341;0;1;0;0.0;2.0;8.0;1.0;A01
200900032354;0;1;0;0.0;1.0;1.0;7.0;A01
200900032357;0;1;0;0.0;2.0;3.0;7.0;B01
200900032365;0;1;0;0.0;2.0;1.0;1.0;B01
200900032370;0;1;0;0.0;2.0;2.0;1.0;B01
200900032375;0;1;0;0.0;2.0;0.0;1.0;A01
200900032382;0;1;0;0.0;2.0;1.0;1.0;A01
200900032392;0;1;0;0.0;2.0;1.0;7.0;B01
200900032397;0;1;0;0.0;1.0;1.0;7.0;A01
200900032400;0;1;0;0.0;2.0;1.0;17.0;A01
200900032439;0;1;0;0.0;2.0;0.0;1.0;B01
200900032442;0;1;0;0.0;0.0;8.0;1.0;A01
200900032469;0;1;0;0.0;2.0;1.0;17.0;A01
200900032483;0;1;0;0.0;0.0;0.0;1.0;A01
200900032520;0;1;0;0.0;2.0;4.0;2.0;A01
200900032520;0;1;0;0.0;2.0;1.0;2.0;B01
200900032528;0;1;0;0.0;0.0;0.0;7.0;A01
200900032536;0;1;0;0.0;1.0;1.0;1.0;A01
200900032539;0;1;0;0.0;2.0;6.0;1.0;B01
200900032592;0;1;0;0.0;2.0;1.0;1.0;B01
200900032598;1;1;0;0.0;1.0;0.0;7.0;Z01
200900032656;2;1;0;0.0;1.0;1.0;1.0;Z01
200900032657;0;1;0;0.0;2.0;4.0;12.0;B01
200900032667;0;1;0;0.0;2.0;4.0;2.0;B01
200900032671;0;1;0;0.0;2.0;8.0;1.0;B01
200900032702;0;1;0;0.0;2.0;3.0;1.0;B01
200900032712;0;1;0;0.0;2.0;4.0;23.0;A01
200900032751;0;1;0;0.0;1.0;1.0;1.0;A01
200900032772;0;1;0;0.0;2.0;1.0;1.0;B01
200900032786;0;1;0;0.0;2.0;1.0;1.0;A01
200900032839;0;1;0;0.0;2.0;4.0;1.0;B01
200900032844;0;1;0;0.0;1.0;1.0;1.0;A01
200900032865;0;1;0;0.0;2.0;7.0;1.0;B01
200900032868;0;1;0;0.0;2.0;1.0;1.0;B01
200900032870;0;1;0;0.0;0.0;0.0;21.0;A01
200900032879;0;1;0;0.0;2.0;1.0;18.0;B01
200900032887;0;1;0;0.0;2.0;1.0;1.0;B01
200900032891;0;1;0;0.0;2.0;1.0;1.0;B01
200900032925;0;1;0;0.0;2.0;8.0;7.0;A01
200900032937;0;1;0;0.0;1.0;1.0;5.0;A01
200900032987;0;1;0;0.0;2.0;1.0;1.0;B01
200900032996;0;1;0;0.0;2.0;1.0;1.0;B01
200900033020;0;1;0;0.0;0.0;0.0;2.0;A01
200900033087;0;1;0;0.0;2.0;7.0;1.0;B01
200900033113;0;1;0;0.0;2.0;1.0;15.0;A01
200900033122;0;1;0;0.0;2.0;7.0;1.0;B01
200900033128;0;1;0;0.0;2.0;7.0;0.0;B01
200900033129;0;1;0;0.0;2.0;0.0;1.0;A01
200900033133;0;1;0;0.0;2.0;3.0;0.0;B01
200900033168;0;1;0;0.0;1.0;1.0;5.0;A01
200900033169;0;1;0;0.0;2.0;0.0;1.0;B01
200900033172;0;1;0;0.0;2.0;1.0;1.0;B01
200900033178;0;1;0;0.0;2.0;1.0;1.0;B01
200900033198;0;1;0;0.0;2.0;4.0;13.0;A01
200900033202;0;1;0;0.0;2.0;1.0;15.0;B01
200900033227;0;1;0;0.0;2.0;4.0;2.0;B02
200900033234;0;1;0;12.0;0.0;0.0;1.0;A01
200900033242;0;1;0;0.0;2.0;2.0;13.0;A01
200900033250;0;1;0;0.0;2.0;1.0;1.0;B01
200900033259;0;1;0;0.0;2.0;2.0;19.0;A01
200900033264;0;1;0;0.0;2.0;8.0;2.0;B02
200900033286;0;1;0;0.0;2.0;1.0;19.0;B02
200900033288;0;1;0;0.0;2.0;4.0;1.0;B02
200900033289;0;1;0;0.0;0.0;4.0;2.0;B02
200900033295;0;1;0;0.0;2.0;4.0;1.0;A01
200900033304;0;1;0;0.0;2.0;1.0;1.0;A01
200900033305;0;1;0;0.0;2.0;3.0;1.0;B01
200900033323;0;1;0;0.0;2.0;1.0;1.0;B02
200900033336;0;1;0;0.0;2.0;1.0;19.0;B01
200900033357;0;1;0;0.0;2.0;1.0;0.0;B01
200900033357;0;1;0;0.0;2.0;1.0;0.0;C01
200900033360;0;1;0;0.0;0.0;4.0;19.0;B02
200900033369;0;1;0;0.0;2.0;8.0;1.0;B01
200900033377;0;1;0;0.0;2.0;8.0;19.0;B01
200900033379;0;1;0;0.0;2.0;4.0;2.0;B01
200900033409;0;1;0;0.0;2.0;1.0;1.0;A01
200900033426;0;1;0;0.0;2.0;1.0;2.0;B01
200900033492;0;1;0;0.0;1.0;1.0;1.0;A01
200900033500;0;1;0;0.0;2.0;6.0;2.0;B01
200900033539;0;1;0;0.0;2.0;1.0;2.0;B01
200900033564;0;1;0;0.0;2.0;0.0;0.0;B01
200900033585;0;1;0;1.0;0.0;1.0;0.0;B01
200900033599;0;1;0;0.0;2.0;1.0;1.0;B02
200900033601;0;1;0;0.0;2.0;1.0;1.0;A01
200900033635;0;1;0;0.0;2.0;8.0;0.0;B01
200900033660;0;1;0;0.0;2.0;0.0;9.0;B01
200900033672;0;1;0;0.0;2.0;8.0;19.0;B01
200900033680;0;1;0;0.0;2.0;4.0;2.0;B01
200900033717;0;1;0;0.0;2.0;1.0;1.0;B01
200900033725;0;1;0;0.0;2.0;1.0;9.0;B01
200900033731;0;1;0;0.0;2.0;1.0;1.0;B01
200900033745;0;1;0;0.0;2.0;1.0;1.0;B02
200900033775;0;1;0;0.0;0.0;3.0;1.0;B02
200900033794;0;1;0;0.0;2.0;1.0;1.0;A01
200900033843;0;1;0;0.0;2.0;8.0;15.0;A01
200900033855;0;1;0;13.0;2.0;4.0;1.0;C03
200900033880;0;1;0;0.0;2.0;1.0;1.0;A01
200900033907;0;1;0;0.0;2.0;1.0;19.0;A01
200900033922;0;1;0;0.0;2.0;0.0;1.0;B01
200900033922;0;1;0;0.0;2.0;4.0;9.0;A01
200900033970;0;1;0;0.0;1.0;0.0;0.0;A01
200900033976;0;1;0;0.0;1.0;0.0;0.0;A01
200900034060;0;1;0;1.0;0.0;1.0;0.0;B02
200900034111;0;1;0;0.0;0.0;0.0;0.0;C01
200900034131;0;1;0;0.0;9.0;4.0;2.0;B01
200900034131;0;1;0;0.0;9.0;1.0;2.0;A01
200900034137;0;1;0;0.0;2.0;1.0;5.0;A01
200900034142;0;1;0;0.0;2.0;1.0;1.0;B01
200900034148;0;1;0;0.0;2.0;1.0;15.0;A01
200900034151;0;1;0;0.0;2.0;7.0;0.0;B01
200900034199;0;1;0;0.0;2.0;7.0;19.0;B01
200900034236;0;1;0;0.0;0.0;0.0;1.0;B01
200900034238;0;1;0;0.0;2.0;3.0;1.0;B01
200900034264;0;1;0;0.0;1.0;1.0;1.0;A01
200900034267;0;1;0;0.0;2.0;7.0;2.0;B01
200900034269;0;1;0;1.0;0.0;1.0;0.0;B01
200900034271;0;1;0;0.0;2.0;4.0;1.0;B01
200900034304;0;1;0;12.0;0.0;1.0;0.0;A01
200900034333;0;1;0;0.0;0.0;0.0;0.0;B01
200900034352;0;1;0;0.0;1.0;1.0;1.0;A01
200900034416;0;1;0;0.0;2.0;1.0;1.0;A01
200900034430;0;1;0;0.0;0.0;4.0;0.0;B02
200900034437;0;1;0;0.0;2.0;4.0;12.0;B02
200900034446;0;1;0;0.0;2.0;1.0;1.0;A01
200900034459;0;1;0;0.0;2.0;2.0;19.0;B02
200900034471;0;1;0;0.0;2.0;7.0;15.0;B02
200900034478;0;1;0;0.0;2.0;2.0;5.0;A01
200900034482;0;1;0;0.0;2.0;1.0;9.0;A01
200900034538;0;1;0;0.0;0.0;7.0;1.0;B01
200900034547;0;1;0;0.0;0.0;0.0;0.0;B01
200900034555;0;1;0;0.0;0.0;4.0;1.0;B01
200900034559;0;1;0;1.0;0.0;1.0;1.0;B01
200900034568;0;1;0;0.0;2.0;1.0;2.0;B01
200900034579;0;1;0;0.0;2.0;1.0;1.0;B01
200900034580;0;1;0;0.0;2.0;3.0;15.0;A01
200900034590;0;1;0;0.0;0.0;9.0;1.0;B01
200900034591;0;1;0;0.0;1.0;1.0;1.0;A01
200900034598;0;1;0;0.0;2.0;1.0;2.0;B01
200900034598;0;1;0;0.0;2.0;1.0;2.0;A01
200900034609;0;1;0;0.0;0.0;0.0;0.0;A01
200900034616;0;1;0;0.0;1.0;1.0;1.0;A01
200900034622;0;1;0;0.0;2.0;3.0;16.0;B01
200900034628;0;1;0;0.0;0.0;6.0;11.0;A01
200900034629;0;1;0;0.0;2.0;1.0;18.0;A01
200900034631;0;1;0;0.0;2.0;2.0;1.0;B01
200900034635;0;1;0;0.0;2.0;3.0;1.0;B01
200900034638;0;1;0;0.0;2.0;0.0;1.0;B01
200900034653;0;1;0;0.0;2.0;1.0;15.0;B02
200900034673;0;1;0;0.0;2.0;7.0;15.0;B02
200900034678;0;1;0;0.0;2.0;1.0;2.0;A01
200900034698;0;1;0;0.0;2.0;1.0;9.0;B01
200900034714;0;1;0;0.0;0.0;4.0;1.0;B02
200900034715;0;1;0;0.0;2.0;1.0;17.0;A01
200900034717;0;1;0;0.0;2.0;8.0;15.0;B02
200900034719;0;1;0;0.0;2.0;8.0;19.0;B02
200900034720;0;1;0;0.0;2.0;7.0;1.0;A01
200900034721;0;1;0;0.0;2.0;3.0;1.0;B02
200900034726;0;1;0;0.0;2.0;1.0;19.0;B01
200900034728;0;1;0;0.0;2.0;6.0;1.0;B02
200900034730;0;1;0;0.0;2.0;1.0;17.0;B02
200900034739;0;1;0;0.0;0.0;9.0;1.0;A01
200900034756;0;1;0;0.0;2.0;1.0;1.0;B02
200900034758;0;1;0;0.0;2.0;1.0;1.0;B02
200900034774;0;1;0;0.0;2.0;5.0;1.0;B01
200900034778;0;1;0;0.0;2.0;1.0;1.0;A01
200900034791;0;1;0;0.0;2.0;1.0;21.0;B02
200900034800;0;1;0;0.0;2.0;1.0;1.0;B01
200900034804;0;1;0;0.0;2.0;1.0;1.0;B02
200900034818;0;1;0;1.0;0.0;1.0;1.0;B01
200900034823;0;1;0;0.0;2.0;1.0;0.0;B01
200900034824;0;1;0;0.0;2.0;1.0;1.0;B01
200900034827;0;1;0;0.0;2.0;1.0;1.0;B01
200900034829;0;1;0;0.0;0.0;1.0;1.0;A01
200900034834;0;1;0;0.0;4.0;7.0;1.0;B01
200900034838;0;1;0;0.0;2.0;1.0;1.0;B01
200900034848;0;1;0;0.0;2.0;6.0;1.0;B01
200900034852;0;1;0;0.0;2.0;1.0;1.0;A01
200900034856;0;1;0;0.0;2.0;8.0;18.0;A01
200900034858;0;1;0;0.0;2.0;1.0;1.0;B01
200900034864;2;1;0;0.0;1.0;1.0;1.0;A01
200900034866;0;1;0;0.0;2.0;8.0;1.0;B01
200900034867;0;1;0;1.0;0.0;1.0;1.0;B01
200900034868;0;1;0;0.0;2.0;1.0;1.0;A01
200900034868;0;1;0;0.0;2.0;0.0;1.0;B01
200900034869;0;1;0;0.0;2.0;1.0;1.0;A01
200900034875;0;1;0;0.0;2.0;8.0;1.0;B01
200900034886;0;1;0;0.0;2.0;8.0;15.0;A01
200900034888;0;1;0;0.0;2.0;3.0;1.0;B02
200900034896;0;1;0;0.0;2.0;1.0;1.0;A01
200900034896;0;1;0;0.0;2.0;3.0;15.0;B02
200900034931;0;1;0;0.0;2.0;1.0;1.0;B01
200900034947;0;1;0;0.0;0.0;4.0;0.0;B02
200900034950;0;1;0;0.0;2.0;4.0;2.0;B02
200900034964;0;1;0;0.0;2.0;8.0;1.0;B01
200900034975;0;1;0;0.0;1.0;2.0;1.0;A01
200900035032;0;1;0;0.0;2.0;1.0;16.0;A01
200900035077;0;1;0;0.0;2.0;1.0;1.0;A01
200900035085;0;1;0;0.0;0.0;4.0;2.0;C01
200900035089;0;1;0;0.0;2.0;1.0;13.0;A01
200900035119;0;1;0;0.0;2.0;1.0;15.0;B02
200900035135;0;1;0;0.0;2.0;4.0;2.0;B01
200900035164;0;1;0;0.0;1.0;1.0;1.0;A01
200900035168;0;1;0;0.0;1.0;1.0;1.0;A01
200900035170;0;1;0;0.0;2.0;0.0;1.0;B01
200900035206;0;1;0;0.0;2.0;1.0;1.0;B01
200900035222;0;1;0;0.0;2.0;1.0;0.0;B01
200900035248;0;1;0;0.0;2.0;4.0;6.0;A01
200900035258;0;1;0;0.0;0.0;9.0;1.0;B02
200900035283;0;1;0;0.0;2.0;1.0;1.0;B02
200900035303;0;1;0;0.0;0.0;4.0;2.0;B02
200900035316;0;1;0;0.0;2.0;8.0;1.0;B02
200900035373;0;1;0;0.0;2.0;4.0;1.0;B02
200900035387;0;1;0;0.0;2.0;1.0;1.0;B02
200900035397;0;1;0;0.0;2.0;0.0;0.0;B02
200900035420;0;1;0;0.0;2.0;8.0;1.0;B01
200900035437;0;1;0;0.0;2.0;8.0;1.0;B01
200900035455;0;1;0;0.0;2.0;2.0;0.0;B01
200900035456;0;1;0;0.0;2.0;1.0;1.0;B01
200900035459;0;1;0;0.0;0.0;0.0;13.0;A01
200900035467;0;1;0;0.0;2.0;1.0;15.0;A01
200900035470;0;1;0;0.0;2.0;0.0;21.0;B02
200900035514;0;1;0;0.0;2.0;1.0;19.0;A01
200900035517;0;1;0;0.0;2.0;2.0;19.0;B01
200900035594;0;1;0;0.0;0.0;8.0;1.0;B01
200900035613;0;1;0;0.0;2.0;1.0;1.0;B02
200900035623;0;1;0;0.0;2.0;3.0;2.0;B01
200900035673;0;1;0;0.0;2.0;7.0;1.0;B02
200900035718;0;1;0;0.0;0.0;0.0;0.0;A01
200900035749;0;1;0;0.0;0.0;0.0;1.0;A01
200900035756;0;1;0;0.0;2.0;8.0;19.0;B01
200900035764;0;1;0;0.0;2.0;8.0;1.0;B01
200900035766;0;1;0;0.0;2.0;3.0;15.0;B01
200900035785;0;1;0;0.0;2.0;8.0;15.0;B02
200900035819;0;1;0;0.0;0.0;0.0;1.0;A01
200900035841;0;1;0;0.0;2.0;1.0;1.0;B01
200900035844;0;1;0;0.0;0.0;0.0;1.0;A01
200900035849;0;1;0;0.0;2.0;1.0;1.0;B01
200900035855;0;1;0;0.0;2.0;1.0;1.0;B01
200900035856;0;1;0;0.0;2.0;1.0;17.0;B01
200900035869;0;1;0;0.0;2.0;1.0;1.0;B01
200900035872;0;1;0;0.0;2.0;4.0;1.0;B01
200900035873;0;1;0;0.0;0.0;1.0;1.0;A01
200900035885;0;1;0;0.0;2.0;7.0;2.0;B01
200900035886;0;1;0;0.0;0.0;1.0;1.0;B01
200900035889;0;1;0;0.0;2.0;0.0;1.0;B01
200900035900;0;1;0;0.0;2.0;4.0;2.0;B02
200900035912;0;1;0;0.0;2.0;4.0;2.0;B02
200900035923;0;1;0;0.0;2.0;1.0;1.0;B01
200900035924;0;1;0;0.0;2.0;1.0;15.0;A01
200900035925;0;1;0;0.0;2.0;8.0;11.0;A01
200900035933;0;1;0;0.0;2.0;1.0;1.0;B01
200900035939;0;1;0;0.0;2.0;1.0;1.0;A01
200900035953;0;1;0;1.0;0.0;0.0;1.0;B01
200900035959;0;1;0;0.0;2.0;1.0;19.0;A01
200900035973;0;1;0;0.0;0.0;0.0;1.0;A01
200900035990;0;1;0;0.0;2.0;0.0;1.0;B01
200900036002;0;1;0;0.0;2.0;1.0;1.0;A01
200900036127;0;1;0;0.0;2.0;0.0;9.0;B01
200900036130;0;1;0;0.0;2.0;1.0;17.0;B02
200900036130;0;1;0;0.0;2.0;1.0;17.0;C03
200900036133;0;1;0;0.0;2.0;1.0;1.0;B01
200900036169;0;1;0;0.0;2.0;4.0;1.0;B02
200900036171;0;1;0;0.0;0.0;4.0;0.0;B02
200900036277;0;1;0;3.0;0.0;2.0;1.0;A01
200900036327;0;1;0;0.0;2.0;1.0;1.0;A01
200900036368;0;1;0;0.0;2.0;0.0;9.0;A01
200900036380;0;1;0;0.0;2.0;0.0;9.0;A01
200900036392;0;1;0;0.0;1.0;1.0;1.0;A01
200900036426;0;1;0;0.0;2.0;4.0;15.0;B01
200900036434;0;1;0;0.0;2.0;1.0;1.0;C01
200900036459;0;1;0;0.0;0.0;0.0;1.0;A01
200900036463;0;1;0;1.0;0.0;1.0;1.0;B01
200900036475;0;1;0;0.0;2.0;4.0;1.0;B02
200900036476;0;1;0;0.0;2.0;7.0;1.0;B01
200900036482;0;1;0;0.0;2.0;8.0;15.0;B02
200900036497;0;1;0;0.0;2.0;7.0;19.0;A01
200900036527;0;1;0;0.0;2.0;8.0;1.0;B02
200900036552;0;1;0;0.0;2.0;1.0;1.0;B01
200900036553;0;1;0;0.0;0.0;1.0;17.0;A01
200900036570;0;1;0;0.0;0.0;1.0;1.0;A01
200900036571;0;1;0;0.0;2.0;1.0;20.0;B01
200900036574;0;1;0;0.0;2.0;8.0;1.0;A01
200900036624;0;1;0;0.0;2.0;8.0;1.0;B02
200900036635;0;1;0;0.0;2.0;2.0;1.0;B02
200900036654;0;1;0;0.0;2.0;8.0;16.0;A01
200900036658;0;1;0;1.0;0.0;1.0;21.0;A01
200900036697;0;1;0;0.0;2.0;1.0;1.0;B01
200900036700;0;1;0;0.0;2.0;4.0;0.0;A01
200900036725;0;1;0;0.0;1.0;0.0;21.0;A01
200900036750;0;1;0;0.0;0.0;0.0;17.0;A01
200900036836;0;1;0;0.0;2.0;1.0;1.0;B01
200900036867;0;1;0;0.0;2.0;1.0;5.0;A01
200900036871;0;1;0;0.0;2.0;0.0;0.0;A01
200900036873;0;1;0;0.0;2.0;1.0;5.0;A01
200900036878;0;1;0;0.0;1.0;1.0;0.0;A01
200900036889;0;1;0;0.0;2.0;1.0;2.0;A01
200900036902;0;1;0;0.0;2.0;1.0;19.0;A01
200900036905;0;1;0;0.0;2.0;1.0;1.0;B01
200900036919;0;1;0;0.0;2.0;1.0;1.0;A01
200900036924;1;1;0;0.0;1.0;1.0;1.0;A01
200900036965;0;1;0;0.0;0.0;4.0;2.0;C03
200900036965;0;1;0;0.0;0.0;4.0;2.0;B02
200900036968;0;1;0;0.0;2.0;7.0;18.0;A01
200900036982;0;1;0;0.0;2.0;6.0;10.0;A01
200900037003;0;1;0;0.0;0.0;5.0;1.0;B01
200900037009;0;1;0;0.0;2.0;1.0;18.0;B01
200900037027;0;1;0;0.0;2.0;1.0;1.0;B01
200900037062;0;1;0;1.0;0.0;1.0;1.0;A01
200900037108;0;1;0;0.0;2.0;7.0;19.0;B02
200900037129;0;1;0;1.0;0.0;2.0;1.0;B01
200900037138;0;1;0;0.0;2.0;4.0;1.0;B01
200900037168;0;1;0;0.0;2.0;7.0;1.0;B02
200900037172;0;1;0;0.0;2.0;1.0;1.0;B02
200900037177;0;1;0;0.0;0.0;7.0;1.0;B01
200900037210;0;1;0;0.0;2.0;1.0;0.0;B01
200900037248;0;1;0;0.0;2.0;7.0;19.0;A01
200900037284;0;1;0;0.0;2.0;4.0;1.0;B02
200900037308;0;1;0;0.0;2.0;1.0;2.0;A01
200900037379;0;1;0;0.0;1.0;1.0;1.0;A01
200900037389;0;1;0;0.0;2.0;8.0;1.0;B02
200900037394;0;1;0;0.0;2.0;3.0;19.0;B01
200900037422;0;1;0;0.0;2.0;8.0;15.0;B02
200900037430;0;1;0;0.0;2.0;1.0;1.0;B02
200900037431;0;1;0;0.0;2.0;1.0;5.0;B02
200900037437;0;1;0;1.0;2.0;8.0;1.0;B01
200900037468;0;1;0;0.0;2.0;8.0;23.0;C03
200900037470;0;1;0;0.0;2.0;1.0;1.0;B01
200900037482;0;1;0;0.0;2.0;1.0;5.0;A01
200900037487;0;1;0;0.0;2.0;1.0;1.0;B02
200900037516;0;1;0;0.0;2.0;4.0;1.0;B02
200900037529;0;1;0;0.0;2.0;1.0;1.0;B02
200900037556;0;1;0;0.0;2.0;4.0;1.0;B01
200900037571;0;1;0;0.0;2.0;1.0;1.0;B01
200900037573;0;1;0;0.0;2.0;4.0;1.0;B02
200900037580;0;1;0;0.0;2.0;1.0;19.0;B01
200900037582;0;1;0;0.0;2.0;1.0;1.0;B02