Num_Acc;senc;catv;occutc;obs;obsm;choc;manv;num_veh
200900037583;0;1;0;1.0;2.0;8.0;1.0;B01
200900037608;0;1;0;0.0;2.0;1.0;1.0;A01
200900037615;0;1;0;0.0;2.0;1.0;1.0;B01
200900037616;0;1;0;0.0;2.0;2.0;19.0;A01
200900037623;0;1;0;0.0;2.0;1.0;2.0;B01
200900037627;0;1;0;1.0;0.0;1.0;1.0;B01
200900037629;0;1;0;0.0;2.0;4.0;1.0;A01
200900037630;0;1;0;0.0;2.0;1.0;1.0;B01
200900037647;0;1;0;0.0;2.0;4.0;1.0;A01
200900037655;0;1;0;;2.0;1.0;1.0;B02
200900037661;0;1;0;0.0;2.0;4.0;1.0;B01
200900037663;0;1;0;0.0;2.0;1.0;1.0;B02
200900037681;0;1;0;16.0;0.0;1.0;1.0;A01
200900037745;0;1;0;2.0;0.0;1.0;1.0;A01
200900037754;0;1;0;0.0;2.0;1.0;1.0;B02
200900037772;0;1;0;0.0;2.0;0.0;0.0;B01
200900037786;0;1;0;0.0;2.0;4.0;0.0;B01
200900037797;0;1;0;0.0;2.0;8.0;1.0;B01
200900037807;0;1;0;0.0;2.0;1.0;0.0;B02
200900037819;0;1;0;0.0;2.0;1.0;9.0;A01
200900037822;0;1;0;0.0;2.0;3.0;1.0;B01
200900037827;0;1;0;0.0;2.0;8.0;1.0;B01
200900037828;0;1;0;0.0;2.0;1.0;1.0;B01
200900037831;0;1;0;0.0;2.0;4.0;1.0;B01
200900037835;0;1;0;0.0;2.0;1.0;23.0;B01
200900037848;0;1;0;0.0;2.0;7.0;1.0;B02
200900037852;0;1;0;0.0;0.0;8.0;2.0;B02
200900037864;0;1;0;0.0;2.0;2.0;1.0;A01
200900037891;0;1;0;0.0;2.0;1.0;1.0;A01
200900037910;0;1;0;0.0;2.0;2.0;1.0;B01
200900037929;0;1;0;0.0;2.0;4.0;1.0;B01
200900037948;0;1;0;1.0;0.0;1.0;1.0;B01
200900037953;0;1;0;0.0;2.0;8.0;9.0;A01
200900037964;0;1;0;0.0;2.0;1.0;1.0;B01
200900037964;0;1;0;0.0;2.0;1.0;5.0;A01
200900037972;0;1;0;0.0;2.0;8.0;1.0;B01
200900037978;0;1;0;0.0;2.0;1.0;1.0;B01
200900037997;0;1;0;15.0;0.0;7.0;14.0;A01
200900038032;0;1;0;0.0;2.0;1.0;5.0;A01
200900038040;0;1;0;0.0;0.0;3.0;0.0;B01
200900038059;0;1;0;2.0;0.0;1.0;14.0;A01
200900038105;0;1;0;0.0;2.0;1.0;1.0;B01
200900038123;0;1;0;0.0;2.0;8.0;1.0;A01
200900038143;0;1;0;0.0;2.0;1.0;5.0;A01
200900038154;0;1;0;0.0;2.0;1.0;1.0;B01
200900038190;0;1;0;0.0;2.0;4.0;1.0;A01
200900038227;0;1;0;0.0;0.0;7.0;1.0;B01
200900038240;0;1;0;0.0;2.0;0.0;0.0;B01
200900038246;0;1;0;16.0;0.0;2.0;1.0;A01
200900038265;0;1;0;0.0;2.0;1.0;15.0;B01
200900038283;0;1;0;0.0;2.0;8.0;1.0;B01
200900038312;0;1;0;0.0;2.0;4.0;1.0;B02
200900038362;0;1;0;12.0;2.0;3.0;16.0;B01
200900038376;0;1;0;0.0;2.0;1.0;1.0;B01
200900038378;0;1;0;0.0;2.0;1.0;1.0;B01
200900038381;0;1;0;0.0;2.0;0.0;1.0;B01
200900038383;0;1;0;0.0;2.0;1.0;0.0;B01
200900038408;0;1;0;0.0;0.0;1.0;2.0;A01
200900038433;0;1;0;0.0;2.0;8.0;1.0;B02
200900038440;0;1;0;0.0;2.0;1.0;9.0;B01
200900038447;0;1;0;0.0;2.0;1.0;9.0;A01
200900038450;0;1;0;0.0;2.0;0.0;1.0;B01
200900038452;0;1;0;0.0;2.0;1.0;23.0;B01
200900038460;0;1;0;0.0;2.0;4.0;2.0;B01
200900038503;0;1;0;0.0;2.0;2.0;5.0;A01
200900038563;0;1;0;0.0;2.0;4.0;2.0;B02
200900038569;0;1;0;1.0;0.0;1.0;0.0;A01
200900038575;0;1;0;0.0;0.0;0.0;0.0;B01
200900038616;0;1;0;0.0;2.0;7.0;1.0;B01
200900038621;0;1;0;0.0;2.0;7.0;19.0;A01
200900038633;0;1;0;0.0;2.0;1.0;13.0;A01
200900038644;0;1;0;0.0;2.0;1.0;1.0;B02
200900038649;0;1;0;0.0;2.0;1.0;0.0;A01
200900038651;0;1;0;0.0;0.0;0.0;0.0;B01
200900038654;0;1;0;0.0;2.0;7.0;19.0;B02
200900038681;0;1;0;0.0;2.0;1.0;23.0;B02
200900038695;0;1;0;0.0;2.0;5.0;0.0;B01
200900038720;0;1;0;0.0;2.0;8.0;19.0;A01
200900038732;0;1;0;0.0;2.0;0.0;0.0;B01
200900038744;0;1;0;0.0;2.0;0.0;0.0;A01
200900038748;0;1;0;0.0;0.0;8.0;1.0;B01
200900038749;0;1;0;0.0;2.0;4.0;1.0;B01
200900038756;0;1;0;0.0;2.0;1.0;1.0;B01
200900038762;0;1;0;0.0;2.0;3.0;1.0;B01
200900038781;0;1;0;0.0;2.0;1.0;1.0;B02
200900038795;0;1;0;12.0;0.0;0.0;1.0;A01
200900038841;0;1;0;0.0;2.0;1.0;13.0;B02
200900038847;0;1;0;0.0;2.0;8.0;1.0;A01
200900038848;0;1;0;0.0;2.0;1.0;1.0;B01
200900038852;0;1;0;0.0;2.0;1.0;1.0;B02
200900038861;0;1;0;0.0;0.0;4.0;2.0;B02
200900038870;0;1;0;0.0;2.0;1.0;1.0;B01
200900038887;0;1;0;0.0;0.0;9.0;2.0;B02
200900038906;0;1;0;0.0;2.0;1.0;1.0;B01
200900038907;0;1;0;0.0;2.0;1.0;1.0;B02
200900038909;0;1;0;0.0;2.0;8.0;0.0;B01
200900038911;0;1;0;0.0;0.0;4.0;1.0;B02
200900038916;0;1;0;0.0;2.0;1.0;1.0;A01
200900038921;0;1;0;0.0;2.0;3.0;23.0;B01
200900038926;0;1;0;0.0;0.0;6.0;1.0;B02
200900038937;0;1;0;0.0;2.0;5.0;1.0;B01
200900038947;0;1;0;0.0;2.0;6.0;2.0;B01
200900038953;0;1;0;0.0;2.0;7.0;19.0;B01
200900038955;0;1;0;0.0;2.0;4.0;2.0;B01
200900038959;0;1;0;0.0;2.0;1.0;19.0;B02
200900038963;0;1;0;0.0;2.0;4.0;1.0;B02
200900038968;0;1;0;0.0;2.0;3.0;1.0;B01
200900038980;0;1;0;0.0;2.0;6.0;1.0;B02
200900038981;0;1;0;0.0;2.0;7.0;15.0;A01
200900038989;0;1;0;0.0;2.0;7.0;2.0;B01
200900038992;0;1;0;1.0;0.0;1.0;1.0;A01
200900039013;0;1;0;0.0;2.0;4.0;1.0;B01
200900039050;0;1;0;0.0;2.0;1.0;1.0;A01
200900039070;0;1;0;0.0;2.0;1.0;0.0;A01
200900039074;0;1;0;0.0;2.0;1.0;13.0;A01
200900039091;0;1;0;0.0;0.0;8.0;1.0;B01
200900039096;0;1;0;0.0;2.0;1.0;17.0;A01
200900039099;0;1;0;0.0;2.0;8.0;0.0;B01
200900039102;0;1;0;0.0;2.0;1.0;18.0;B02
200900039115;0;1;0;0.0;0.0;0.0;0.0;B01
200900039130;0;1;0;0.0;0.0;1.0;1.0;B01
200900039158;0;1;0;0.0;1.0;1.0;1.0;A01
200900039162;0;1;0;0.0;2.0;0.0;0.0;B02
200900039165;0;1;0;0.0;0.0;1.0;19.0;A01
200900039177;0;1;0;0.0;0.0;7.0;19.0;B02
200900039184;0;1;0;0.0;0.0;1.0;0.0;B02
200900039191;0;1;0;0.0;0.0;4.0;11.0;B02
200900039214;0;1;0;0.0;2.0;4.0;0.0;B01
200900039220;0;1;0;0.0;2.0;1.0;1.0;B01
200900039222;0;1;0;0.0;2.0;1.0;1.0;B01
200900039230;0;1;0;0.0;2.0;1.0;21.0;A01
200900039276;0;1;0;0.0;2.0;0.0;1.0;B01
200900039303;0;1;0;0.0;0.0;1.0;1.0;B02
200900039310;0;1;0;0.0;2.0;1.0;1.0;B01
200900039318;0;1;0;0.0;0.0;1.0;1.0;B02
200900039343;0;1;0;0.0;2.0;8.0;1.0;B01
200900039347;0;1;0;0.0;1.0;1.0;1.0;A01
200900039355;0;1;0;0.0;2.0;2.0;1.0;B01
200900039356;0;1;0;0.0;2.0;0.0;1.0;B01
200900039390;0;1;0;0.0;2.0;1.0;0.0;A01
200900039395;0;1;0;0.0;1.0;1.0;18.0;A01
200900039408;0;1;0;0.0;2.0;6.0;13.0;B02
200900039416;0;1;0;0.0;2.0;6.0;19.0;B02
200900039424;0;1;0;0.0;2.0;2.0;19.0;B01
200900039430;0;1;0;0.0;2.0;3.0;1.0;B01
200900039433;0;1;0;0.0;2.0;1.0;1.0;B01
200900039454;0;1;0;0.0;2.0;1.0;1.0;A01
200900039462;0;1;0;0.0;1.0;1.0;1.0;A01
200900039465;0;1;0;0.0;2.0;2.0;1.0;B01
200900039475;0;1;0;0.0;2.0;1.0;1.0;B01
200900039489;0;1;0;0.0;2.0;1.0;1.0;B01
200900039492;0;1;0;0.0;2.0;3.0;1.0;B01
200900039519;0;1;0;0.0;2.0;8.0;1.0;B01
200900039550;0;1;0;0.0;2.0;8.0;1.0;B01
200900039584;0;1;0;;1.0;1.0;14.0;A01
200900039588;0;1;0;0.0;2.0;1.0;9.0;B01
200900039596;0;1;0;0.0;2.0;1.0;1.0;B01
200900039612;0;1;0;0.0;2.0;7.0;13.0;A01
200900039615;0;1;0;0.0;2.0;4.0;2.0;A01
200900039622;0;1;0;0.0;2.0;8.0;2.0;B02
200900039627;0;1;0;0.0;2.0;1.0;16.0;A01
200900039646;0;1;0;0.0;2.0;4.0;1.0;B01
200900039658;0;1;0;0.0;2.0;7.0;21.0;B01
200900039742;0;1;0;0.0;2.0;2.0;1.0;B01
200900039753;0;1;0;0.0;2.0;4.0;1.0;B01
200900039763;0;1;0;0.0;1.0;1.0;1.0;A01
200900039803;0;1;0;0.0;2.0;1.0;1.0;B01
200900039814;0;1;0;0.0;2.0;4.0;1.0;B01
200900039820;0;1;0;0.0;0.0;1.0;1.0;A01
200900039859;0;1;0;0.0;2.0;4.0;1.0;C03
200900039860;0;1;0;0.0;2.0;1.0;1.0;B02
200900039873;0;1;0;0.0;2.0;1.0;13.0;B02
200900039874;0;1;0;0.0;2.0;0.0;1.0;B01
200900039909;0;1;0;0.0;0.0;1.0;0.0;A01
200900039941;0;1;0;0.0;2.0;1.0;1.0;A01
200900039946;0;1;0;0.0;0.0;0.0;19.0;A01
200900039953;0;1;0;0.0;0.0;0.0;2.0;A01
200900039953;0;1;0;0.0;0.0;0.0;2.0;B01
200900039958;0;1;0;0.0;0.0;0.0;1.0;A01
200900039969;0;1;0;0.0;2.0;1.0;1.0;A01
200900039994;0;1;0;0.0;2.0;7.0;15.0;A01
200900039996;0;1;0;0.0;2.0;8.0;19.0;A01
200900040001;0;1;0;0.0;2.0;7.0;1.0;B01
200900040038;0;1;0;0.0;0.0;0.0;0.0;A01
200900040061;0;1;0;0.0;2.0;8.0;15.0;B02
200900040088;0;1;0;0.0;1.0;6.0;2.0;B01
200900040116;0;1;0;0.0;2.0;1.0;1.0;B01
200900040119;0;1;0;0.0;2.0;8.0;1.0;B01
200900040122;0;1;0;0.0;2.0;7.0;19.0;B01
200900040123;0;1;0;0.0;2.0;7.0;1.0;B01
200900040250;0;1;0;0.0;0.0;1.0;1.0;A01
200900040275;0;1;0;0.0;2.0;0.0;21.0;B01
200900040276;0;1;0;0.0;2.0;0.0;0.0;B01
200900040277;0;1;0;0.0;2.0;8.0;1.0;B01
200900040280;0;1;0;0.0;2.0;8.0;1.0;A01
200900040281;0;1;0;0.0;2.0;3.0;1.0;B01
200900040292;0;1;0;0.0;2.0;4.0;1.0;B02
200900040304;0;1;0;0.0;2.0;8.0;1.0;B01
200900040308;0;1;0;0.0;2.0;6.0;15.0;A01
200900040309;0;1;0;0.0;2.0;1.0;1.0;A01
200900040316;0;1;0;0.0;2.0;8.0;1.0;B01
200900040324;0;1;0;0.0;2.0;7.0;1.0;B02
200900040332;0;1;0;0.0;2.0;6.0;1.0;B01
200900040353;0;1;0;0.0;2.0;8.0;19.0;B02
200900040355;0;1;0;0.0;2.0;1.0;5.0;B02
200900040362;0;1;0;0.0;2.0;6.0;0.0;B01
200900040375;0;1;0;0.0;2.0;7.0;12.0;A01
200900040408;0;1;0;0.0;2.0;7.0;15.0;B01
200900040423;0;1;0;0.0;0.0;0.0;1.0;B02
200900040489;0;1;0;0.0;0.0;0.0;0.0;B01
200900040514;0;1;0;0.0;2.0;1.0;15.0;A01
200900040515;0;1;0;0.0;0.0;4.0;1.0;B01
200900040551;0;1;0;0.0;2.0;8.0;15.0;B01
200900040572;0;1;0;0.0;2.0;8.0;15.0;A01
200900040599;0;1;0;0.0;2.0;1.0;5.0;A01
200900040616;0;1;0;0.0;2.0;8.0;1.0;B01
200900040620;0;1;0;0.0;2.0;0.0;11.0;A01
200900040623;0;1;0;0.0;2.0;3.0;7.0;B01
200900040630;0;1;0;0.0;2.0;1.0;1.0;B01
200900040635;0;1;0;0.0;2.0;3.0;15.0;B01
200900040649;0;1;0;0.0;2.0;2.0;1.0;A01
200900040663;0;1;0;0.0;2.0;2.0;1.0;B01
200900040680;0;1;0;0.0;2.0;8.0;17.0;A01
200900040700;0;1;0;0.0;2.0;4.0;1.0;A01
200900040714;1;1;0;0.0;1.0;0.0;1.0;Z01
200900040715;1;1;0;0.0;1.0;0.0;1.0;Z01
200900040754;0;1;0;0.0;1.0;1.0;1.0;A01
200900040765;0;1;0;0.0;2.0;4.0;1.0;B01
200900040776;0;1;0;0.0;2.0;0.0;19.0;B01
200900040781;0;1;0;0.0;2.0;8.0;18.0;B01
200900040809;0;1;0;0.0;2.0;7.0;1.0;A01
200900040814;0;1;0;0.0;2.0;8.0;7.0;A01
200900040816;0;1;0;0.0;1.0;0.0;1.0;A01
200900040818;0;1;0;0.0;2.0;1.0;1.0;B01
200900040835;0;1;0;0.0;2.0;8.0;1.0;A01
200900040836;0;1;0;0.0;2.0;3.0;9.0;A01
200900040842;0;1;0;0.0;2.0;4.0;13.0;B01
200900040855;0;1;0;0.0;2.0;8.0;5.0;A01
200900040913;0;1;0;0.0;2.0;1.0;1.0;B01
200900040952;0;1;0;0.0;2.0;4.0;7.0;A01
200900040955;0;1;0;0.0;2.0;1.0;1.0;A01
200900040981;0;1;0;0.0;1.0;1.0;1.0;A01
200900041006;0;1;0;0.0;0.0;7.0;21.0;A01
200900041022;0;1;0;0.0;2.0;7.0;1.0;A01
200900041023;1;1;0;0.0;1.0;0.0;1.0;Z01
200900041102;0;1;0;0.0;2.0;1.0;1.0;B01
200900041108;0;1;0;0.0;2.0;1.0;1.0;B01
200900041114;0;1;0;0.0;2.0;2.0;1.0;A01
200900041158;0;1;0;0.0;2.0;1.0;1.0;A01
200900041159;1;1;0;0.0;1.0;0.0;1.0;Z01
200900041190;0;1;0;0.0;2.0;8.0;11.0;A01
200900041199;0;1;0;0.0;2.0;1.0;18.0;B01
200900041209;0;1;0;0.0;0.0;7.0;1.0;A01
200900041215;0;1;0;0.0;2.0;1.0;1.0;A01
200900041224;0;1;0;0.0;2.0;0.0;13.0;B02
200900041309;0;1;0;0.0;2.0;8.0;2.0;B01
200900041310;0;1;0;0.0;2.0;4.0;1.0;B01
200900041448;0;1;0;0.0;2.0;7.0;1.0;B01
200900041457;0;1;0;0.0;2.0;4.0;2.0;B01
200900041566;0;1;0;0.0;2.0;4.0;19.0;B01
200900041616;0;1;0;0.0;2.0;1.0;1.0;A01
200900041626;0;1;0;0.0;2.0;1.0;1.0;B01
200900041687;0;1;0;0.0;2.0;0.0;1.0;B01
200900041700;0;1;0;0.0;2.0;1.0;19.0;B01
200900041701;0;1;0;0.0;1.0;0.0;1.0;A01
200900041704;0;1;0;0.0;2.0;0.0;1.0;B01
200900041711;0;1;0;0.0;2.0;1.0;1.0;A01
200900041715;0;1;0;0.0;2.0;3.0;1.0;B01
200900041725;0;1;0;0.0;2.0;1.0;19.0;A01
200900041745;0;1;0;1.0;0.0;1.0;1.0;B01
200900041751;0;1;0;0.0;2.0;7.0;1.0;B01
200900041776;0;1;0;0.0;2.0;1.0;2.0;A01
200900041784;0;1;0;0.0;2.0;0.0;0.0;A01
200900041790;0;1;0;0.0;0.0;1.0;15.0;A01
200900041833;0;1;0;0.0;2.0;8.0;1.0;B02
200900041841;0;1;0;0.0;2.0;3.0;13.0;A01
200900041842;0;1;0;0.0;2.0;4.0;13.0;B02
200900041859;0;1;0;0.0;9.0;8.0;1.0;B02
200900041859;0;1;0;0.0;9.0;7.0;1.0;A01
200900041887;0;1;0;0.0;0.0;8.0;1.0;A01
200900041903;0;1;0;0.0;2.0;1.0;9.0;A01
200900041905;0;1;0;0.0;2.0;0.0;0.0;B01
200900041928;0;1;0;1.0;0.0;1.0;2.0;A01
200900041946;0;1;0;0.0;2.0;3.0;16.0;B01
200900041950;0;1;0;0.0;2.0;1.0;1.0;B01
200900041959;0;1;0;1.0;0.0;2.0;1.0;B01
200900041971;0;1;0;0.0;0.0;1.0;0.0;A01
200900041981;0;1;0;0.0;2.0;1.0;1.0;A01
200900041985;0;1;0;0.0;2.0;1.0;1.0;B02
200900041994;0;1;0;0.0;0.0;8.0;0.0;B02
200900042007;0;1;0;0.0;2.0;2.0;1.0;B01
200900042008;0;1;0;0.0;2.0;1.0;1.0;B01
200900042009;0;1;0;0.0;2.0;1.0;19.0;A01
200900042039;0;1;0;0.0;2.0;1.0;1.0;A01
200900042040;0;1;0;0.0;2.0;5.0;1.0;A01
200900042048;0;1;0;0.0;2.0;1.0;5.0;A01
200900042071;0;1;0;0.0;0.0;0.0;0.0;A01
200900042081;0;1;0;0.0;2.0;4.0;19.0;B01
200900042091;0;1;0;1.0;0.0;1.0;1.0;B01
200900042093;0;1;0;0.0;1.0;1.0;1.0;A01
200900042095;0;1;0;0.0;2.0;7.0;17.0;B01
200900042098;0;1;0;0.0;2.0;4.0;1.0;B01
200900042123;0;1;0;0.0;2.0;3.0;17.0;A01
200900042125;0;1;0;0.0;0.0;8.0;0.0;B01
200900042140;0;1;0;0.0;2.0;1.0;1.0;B02
200900042156;1;1;0;0.0;1.0;0.0;1.0;A01
200900042182;0;1;0;0.0;2.0;1.0;17.0;B01
200900042191;0;1;0;0.0;2.0;8.0;2.0;B01
200900042199;0;1;0;0.0;2.0;1.0;5.0;A01
200900042210;0;1;0;0.0;2.0;1.0;1.0;B01
200900042212;0;1;0;0.0;2.0;1.0;1.0;B01
200900042228;0;1;0;0.0;0.0;0.0;1.0;A01
200900042234;0;1;0;0.0;2.0;4.0;1.0;B01
200900042235;0;1;0;0.0;2.0;6.0;1.0;C01
200900042235;0;1;0;0.0;2.0;3.0;1.0;B01
200900042241;0;1;0;1.0;2.0;1.0;1.0;B01
200900042252;0;1;0;0.0;2.0;1.0;19.0;A01
200900042297;0;1;0;0.0;2.0;1.0;0.0;B02
200900042343;0;1;0;0.0;2.0;1.0;1.0;B02
200900042402;0;1;0;0.0;0.0;0.0;0.0;A01
200900042405;0;1;0;0.0;2.0;1.0;1.0;B02
200900042413;0;1;0;0.0;2.0;2.0;19.0;B01
200900042414;0;1;0;0.0;2.0;8.0;1.0;A01
200900042431;0;1;0;0.0;2.0;1.0;1.0;A01
200900042438;0;1;0;0.0;2.0;1.0;1.0;B01
200900042442;0;1;0;14.0;0.0;0.0;1.0;A01
200900042448;0;1;0;0.0;2.0;1.0;1.0;A01
200900042477;0;1;0;0.0;1.0;4.0;21.0;A01
200900042484;0;1;0;0.0;2.0;1.0;1.0;A01
200900042490;0;1;0;0.0;1.0;1.0;1.0;A01
200900042503;0;1;0;0.0;2.0;1.0;19.0;A01
200900042504;0;1;0;0.0;2.0;8.0;1.0;B01
200900042517;0;1;0;0.0;0.0;0.0;0.0;A01
200900042520;0;1;0;0.0;2.0;1.0;1.0;B01
200900042521;0;1;0;0.0;2.0;2.0;1.0;B01
200900042531;0;1;0;0.0;2.0;2.0;1.0;A01
200900042564;0;1;0;0.0;9.0;1.0;2.0;B01
200900042565;0;1;0;0.0;2.0;4.0;1.0;B01
200900042593;0;1;0;0.0;2.0;1.0;1.0;B01
200900042601;0;1;0;0.0;2.0;2.0;15.0;B01
200900042622;0;1;0;0.0;2.0;4.0;13.0;B01
200900042627;0;1;0;0.0;2.0;7.0;19.0;B01
200900042662;0;1;0;0.0;2.0;0.0;0.0;A01
200900042663;0;1;0;0.0;2.0;1.0;1.0;B01
200900042685;0;1;0;0.0;2.0;1.0;15.0;B02
200900042686;0;1;0;0.0;2.0;8.0;1.0;A01
200900042724;0;1;0;1.0;0.0;1.0;1.0;A01
200900042730;0;1;0;0.0;0.0;3.0;1.0;B01
200900042748;0;1;0;1.0;0.0;1.0;17.0;A01
200900042756;0;1;0;0.0;2.0;0.0;1.0;B01
200900042765;0;1;0;0.0;0.0;0.0;1.0;A01
200900042776;0;1;0;0.0;0.0;0.0;0.0;B01
200900042778;0;1;0;0.0;0.0;2.0;1.0;A01
200900042781;0;1;0;12.0;0.0;1.0;15.0;A01
200900042794;0;1;0;0.0;2.0;3.0;15.0;B02
200900042821;0;1;0;0.0;2.0;1.0;1.0;A01
200900042838;0;1;0;0.0;2.0;1.0;1.0;B01
200900042897;0;1;0;8.0;0.0;1.0;21.0;A01
200900042933;0;1;0;16.0;0.0;1.0;0.0;A01
200900042937;0;1;0;0.0;2.0;8.0;15.0;B01
200900042972;0;1;0;0.0;1.0;1.0;2.0;A01
200900042992;0;1;0;0.0;2.0;7.0;19.0;A01
200900043000;0;1;0;0.0;2.0;3.0;15.0;A01
200900043008;0;1;0;14.0;0.0;2.0;15.0;A01
200900043013;0;1;0;0.0;2.0;2.0;1.0;B01
200900043037;0;1;0;0.0;2.0;1.0;1.0;B01
200900043047;0;1;0;1.0;0.0;1.0;1.0;B01
200900043048;0;1;0;0.0;2.0;1.0;1.0;B01
200900043054;0;1;0;1.0;0.0;1.0;1.0;B01
200900043060;0;1;0;0.0;2.0;1.0;2.0;B01
200900043062;0;1;0;0.0;0.0;1.0;16.0;A01
200900043063;0;1;0;0.0;0.0;1.0;5.0;A01
200900043068;0;1;0;0.0;2.0;1.0;1.0;B01
200900043087;0;1;0;14.0;0.0;1.0;1.0;A01
200900043112;0;1;0;0.0;0.0;4.0;15.0;B01
200900043144;0;1;0;0.0;2.0;3.0;6.0;A01
200900043154;0;1;0;0.0;0.0;7.0;0.0;A01
200900043159;0;1;0;0.0;0.0;8.0;19.0;B01
200900043214;0;1;0;0.0;2.0;1.0;1.0;A01
200900043289;0;1;0;0.0;2.0;8.0;19.0;A01
200900043316;0;1;0;0.0;2.0;6.0;15.0;B01
200900043351;0;1;0;0.0;2.0;3.0;19.0;B01
200900043397;0;1;0;0.0;2.0;3.0;1.0;B01
200900043444;0;1;0;0.0;1.0;1.0;1.0;A01
200900043515;0;1;0;0.0;1.0;1.0;17.0;A01
200900043563;0;1;0;0.0;2.0;1.0;1.0;B02
200900043564;0;1;0;0.0;2.0;1.0;1.0;A01
200900043570;0;1;0;0.0;2.0;7.0;0.0;B02
200900043601;0;1;0;0.0;2.0;0.0;1.0;B01
200900043602;0;1;0;0.0;2.0;0.0;1.0;B01
200900043603;0;1;0;0.0;2.0;1.0;1.0;A01
200900043604;0;1;0;0.0;2.0;1.0;1.0;A01
200900043624;0;1;0;0.0;2.0;0.0;1.0;A01
200900043664;0;1;0;0.0;2.0;5.0;19.0;B02
200900043668;0;1;0;0.0;2.0;1.0;1.0;B02
200900043680;0;1;0;3.0;0.0;2.0;14.0;A01
200900043722;0;1;0;0.0;0.0;0.0;1.0;A01
200900043725;0;1;0;0.0;2.0;1.0;1.0;A01
200900043737;0;1;0;0.0;0.0;0.0;0.0;B01
200900043812;0;1;0;0.0;9.0;0.0;1.0;A01
200900043818;0;1;0;0.0;0.0;0.0;0.0;A01
200900043827;0;1;0;4.0;0.0;0.0;0.0;A01
200900043830;0;1;0;0.0;2.0;0.0;1.0;B01
200900043831;0;1;0;0.0;0.0;7.0;19.0;A02
200900043852;0;1;0;0.0;2.0;1.0;19.0;B02
200900043871;0;1;0;0.0;2.0;1.0;1.0;B01
200900043872;0;1;0;0.0;1.0;1.0;1.0;A01
200900043877;0;1;0;0.0;2.0;1.0;1.0;B01
200900043881;0;1;0;0.0;2.0;8.0;1.0;A01
200900043937;0;1;0;0.0;0.0;1.0;0.0;A01
200900043940;0;1;0;1.0;2.0;1.0;1.0;A01
200900043948;0;1;0;0.0;2.0;1.0;1.0;A01
200900043955;0;1;0;0.0;2.0;8.0;15.0;B02
200900043972;0;1;0;0.0;2.0;4.0;14.0;A01
200900043976;0;1;0;0.0;2.0;1.0;19.0;A01
200900043982;0;1;0;0.0;2.0;8.0;19.0;A01
200900043990;0;1;0;0.0;2.0;1.0;1.0;B01
200900043997;0;1;0;0.0;2.0;1.0;14.0;A01
200900044021;0;1;0;0.0;2.0;1.0;19.0;A01
200900044023;0;1;0;0.0;0.0;8.0;1.0;B02
200900044036;0;1;0;1.0;0.0;7.0;1.0;C03
200900044047;0;1;0;0.0;2.0;8.0;1.0;B02
200900044051;0;1;0;0.0;2.0;1.0;15.0;A01
200900044059;0;1;0;0.0;2.0;1.0;1.0;B02
200900044061;0;1;0;0.0;0.0;0.0;1.0;B01
200900044067;0;1;0;0.0;2.0;3.0;1.0;B02
200900044078;0;1;0;0.0;2.0;1.0;5.0;B01
200900044112;0;1;0;0.0;2.0;8.0;19.0;B01
200900044114;0;1;0;0.0;2.0;1.0;1.0;B01
200900044128;0;1;0;0.0;2.0;1.0;2.0;A01
200900044128;0;1;0;0.0;2.0;4.0;2.0;B01
200900044132;0;1;0;0.0;2.0;7.0;19.0;B01
200900044142;0;1;0;0.0;2.0;1.0;1.0;A01
200900044165;0;1;0;0.0;0.0;0.0;0.0;A01
200900044170;0;1;0;0.0;2.0;7.0;2.0;B01
200900044174;0;1;0;0.0;0.0;0.0;0.0;A01
200900044193;0;1;0;0.0;2.0;1.0;2.0;B01
200900044193;0;1;0;0.0;2.0;1.0;2.0;A01
200900044282;0;1;0;0.0;2.0;1.0;1.0;B02
200900044286;0;1;0;0.0;0.0;4.0;2.0;B02
200900044305;0;1;0;0.0;0.0;4.0;2.0;B02
200900044319;0;1;0;0.0;2.0;4.0;15.0;A01
200900044404;0;1;0;0.0;2.0;1.0;1.0;A01
200900044419;0;1;0;0.0;2.0;8.0;1.0;B01
200900044427;0;1;0;0.0;2.0;0.0;0.0;A01
200900044462;0;1;0;0.0;2.0;4.0;0.0;B01
200900044508;0;1;0;0.0;2.0;6.0;0.0;A01
200900044525;0;1;0;0.0;2.0;1.0;1.0;B01
200900044546;0;1;0;0.0;2.0;1.0;1.0;B02
200900044573;0;1;0;0.0;2.0;8.0;15.0;B01
200900044575;0;1;0;0.0;2.0;1.0;1.0;B01
200900044587;0;1;0;0.0;2.0;0.0;0.0;A01
200900044651;0;1;0;0.0;2.0;8.0;1.0;B01
200900044720;0;1;0;0.0;2.0;0.0;0.0;B01
200900044852;0;1;0;0.0;2.0;1.0;1.0;B02
200900044856;0;1;0;;2.0;1.0;2.0;A01
200900044861;0;1;0;0.0;2.0;3.0;1.0;B01
200900044899;0;1;0;0.0;2.0;1.0;1.0;B01