Num_Acc;senc;catv;occutc;obs;obsm;choc;manv;num_veh
200900044903;0;1;0;0.0;2.0;4.0;13.0;A01
200900044906;0;1;0;0.0;2.0;4.0;1.0;A01
200900044909;0;1;0;0.0;2.0;1.0;15.0;B01
200900044915;0;1;0;0.0;2.0;0.0;1.0;B01
200900044916;0;1;0;0.0;2.0;1.0;1.0;B01
200900044918;0;1;0;0.0;2.0;1.0;1.0;B01
200900044919;0;1;0;0.0;2.0;1.0;1.0;B01
200900044942;0;1;0;0.0;2.0;8.0;15.0;B01
200900044962;0;1;0;0.0;2.0;4.0;15.0;B01
200900044969;0;1;0;0.0;2.0;1.0;1.0;B01
200900044971;0;1;0;0.0;1.0;1.0;15.0;A01
200900044974;0;1;0;0.0;1.0;1.0;1.0;A01
200900044979;0;1;0;0.0;1.0;1.0;0.0;A01
200900044988;0;1;0;1.0;0.0;1.0;16.0;A01
200900045007;0;1;0;0.0;2.0;1.0;1.0;A01
200900045015;0;1;0;0.0;2.0;1.0;1.0;B01
200900045015;0;1;0;0.0;9.0;2.0;10.0;A01
200900045021;0;1;0;0.0;0.0;0.0;0.0;A01
200900045027;0;1;0;1.0;0.0;7.0;1.0;B01
200900045033;0;1;0;0.0;0.0;0.0;0.0;A01
200900045056;0;1;0;0.0;0.0;0.0;0.0;B01
200900045057;0;1;0;0.0;0.0;0.0;19.0;B01
200900045064;0;1;0;0.0;9.0;1.0;1.0;B01
200900045111;0;1;0;0.0;1.0;1.0;0.0;A01
200900045113;0;1;0;14.0;0.0;0.0;16.0;A01
200900045123;0;1;0;0.0;0.0;8.0;0.0;A01
200900045158;0;1;0;0.0;2.0;1.0;2.0;A01
200900045181;0;1;0;0.0;2.0;1.0;1.0;B01
200900045185;0;1;0;0.0;2.0;0.0;19.0;A01
200900045247;0;1;0;0.0;2.0;1.0;5.0;A01
200900045263;0;1;0;0.0;2.0;1.0;1.0;B01
200900045267;0;1;0;0.0;2.0;8.0;1.0;B01
200900045283;0;1;0;0.0;2.0;8.0;19.0;B01
200900045294;0;1;0;0.0;2.0;1.0;1.0;B01
200900045304;0;1;0;0.0;2.0;4.0;1.0;B01
200900045313;0;1;0;0.0;2.0;4.0;1.0;B01
200900045333;0;1;0;0.0;0.0;1.0;2.0;A01
200900045358;0;1;0;0.0;2.0;0.0;19.0;C01
200900045360;0;1;0;0.0;2.0;4.0;1.0;B01
200900045373;0;1;0;16.0;0.0;1.0;2.0;A01
200900045403;0;1;0;0.0;5.0;0.0;1.0;A01
200900045415;0;1;0;0.0;2.0;0.0;19.0;B01
200900045422;0;1;0;0.0;2.0;1.0;1.0;B01
200900045427;0;1;0;0.0;2.0;1.0;1.0;B01
200900045428;0;1;0;0.0;2.0;1.0;1.0;B01
200900045433;0;1;0;0.0;2.0;1.0;1.0;B01
200900045447;0;1;0;0.0;2.0;1.0;5.0;B02
200900045455;0;1;0;0.0;2.0;8.0;2.0;B01
200900045472;0;1;0;0.0;2.0;1.0;13.0;B01
200900045485;0;1;0;0.0;0.0;0.0;0.0;A01
200900045495;0;1;0;0.0;0.0;8.0;1.0;B01
200900045537;0;1;0;0.0;2.0;8.0;15.0;B01
200900045545;0;1;0;0.0;2.0;1.0;1.0;B02
200900045553;0;1;0;0.0;0.0;1.0;1.0;B02
200900045573;0;1;0;0.0;2.0;4.0;15.0;B01
200900045575;0;1;0;0.0;2.0;8.0;17.0;B01
200900045576;0;1;0;0.0;2.0;0.0;1.0;B01
200900045601;0;1;0;0.0;2.0;4.0;1.0;B01
200900045621;0;1;0;0.0;2.0;4.0;1.0;B02
200900045625;0;1;0;0.0;2.0;8.0;19.0;B02
200900045646;0;1;0;0.0;2.0;1.0;1.0;B02
200900045658;0;1;0;0.0;2.0;7.0;19.0;A01
200900045664;0;1;0;0.0;2.0;1.0;1.0;B01
200900045702;0;1;0;0.0;2.0;8.0;1.0;A01
200900045713;0;1;0;0.0;2.0;1.0;1.0;A01
200900045718;0;1;0;0.0;2.0;1.0;19.0;B01
200900045720;0;1;0;0.0;2.0;7.0;19.0;B01
200900045725;0;1;0;0.0;2.0;1.0;19.0;A01
200900045727;0;1;0;0.0;2.0;4.0;1.0;B01
200900045730;0;1;0;0.0;2.0;8.0;1.0;B02
200900045731;0;1;0;0.0;2.0;1.0;1.0;B01
200900045736;0;1;0;0.0;2.0;0.0;0.0;B01
200900045749;0;1;0;1.0;0.0;1.0;1.0;B01
200900045750;0;1;0;0.0;2.0;1.0;1.0;B01
200900045752;0;1;0;0.0;2.0;1.0;1.0;B01
200900045757;0;1;0;0.0;2.0;1.0;1.0;A01
200900045759;0;1;0;0.0;2.0;1.0;19.0;A01
200900045770;0;1;0;0.0;2.0;8.0;9.0;B01
200900045772;0;1;0;0.0;2.0;1.0;19.0;B01
200900045778;0;1;0;0.0;2.0;7.0;19.0;B01
200900045788;0;1;0;0.0;2.0;3.0;2.0;B02
200900045823;0;1;0;0.0;2.0;7.0;19.0;B01
200900045824;0;1;0;0.0;2.0;8.0;15.0;A01
200900045832;0;1;0;0.0;2.0;1.0;1.0;B01
200900045837;0;1;0;0.0;0.0;0.0;1.0;A01
200900045850;0;1;0;0.0;2.0;8.0;19.0;A01
200900045862;0;1;0;0.0;2.0;8.0;1.0;B02
200900045877;0;1;0;0.0;0.0;0.0;14.0;A01
200900045878;0;1;0;0.0;2.0;0.0;15.0;B01
200900045882;0;1;0;0.0;2.0;8.0;1.0;B01
200900045894;0;1;0;0.0;2.0;0.0;0.0;B01
200900045896;0;1;0;0.0;0.0;1.0;1.0;A01
200900045897;0;1;0;0.0;2.0;1.0;15.0;B01
200900045910;0;1;0;0.0;1.0;4.0;0.0;A01
200900045914;0;1;0;0.0;2.0;7.0;1.0;B01
200900045915;0;1;0;0.0;2.0;8.0;1.0;B01
200900045917;0;1;0;0.0;2.0;1.0;11.0;A01
200900045930;0;1;0;0.0;2.0;1.0;1.0;B01
200900045938;0;1;0;0.0;2.0;1.0;1.0;B01
200900045945;0;1;0;12.0;0.0;1.0;14.0;A01
200900045956;0;1;0;0.0;0.0;0.0;21.0;B02
200900045966;0;1;0;0.0;2.0;1.0;13.0;A01
200900045987;0;1;0;0.0;2.0;1.0;9.0;A01
200900046020;0;1;0;0.0;2.0;2.0;1.0;B01
200900046040;0;1;0;0.0;2.0;1.0;1.0;B01
200900046069;0;1;0;0.0;2.0;7.0;19.0;A01
200900046078;0;1;0;0.0;2.0;1.0;2.0;C01
200900046078;0;1;0;0.0;2.0;1.0;1.0;A01
200900046078;0;1;0;0.0;2.0;1.0;2.0;B01
200900046140;0;1;0;0.0;2.0;7.0;15.0;B01
200900046141;0;1;0;0.0;2.0;7.0;1.0;B01
200900046143;0;1;0;0.0;2.0;7.0;19.0;B01
200900046148;0;1;0;0.0;0.0;0.0;1.0;A01
200900046152;0;1;0;0.0;0.0;0.0;1.0;A01
200900046155;0;1;0;0.0;2.0;3.0;1.0;B01
200900046159;0;1;0;0.0;1.0;1.0;1.0;A01
200900046160;0;1;0;0.0;1.0;1.0;1.0;A01
200900046165;0;1;0;0.0;2.0;7.0;1.0;B01
200900046167;0;1;0;0.0;2.0;8.0;13.0;B01
200900046168;0;1;0;0.0;2.0;1.0;1.0;A01
200900046174;0;1;0;0.0;2.0;6.0;1.0;B01
200900046180;0;1;0;0.0;2.0;8.0;15.0;A01
200900046206;0;1;0;0.0;2.0;0.0;0.0;B01
200900046210;0;1;0;0.0;2.0;1.0;1.0;B01
200900046212;0;1;0;0.0;2.0;7.0;1.0;B01
200900046256;0;1;0;0.0;2.0;7.0;1.0;B01
200900046269;0;1;0;0.0;2.0;1.0;2.0;B01
200900046342;0;1;0;0.0;2.0;6.0;0.0;A01
200900046345;0;1;0;0.0;9.0;1.0;0.0;B01
200900046345;0;1;0;0.0;9.0;1.0;0.0;A01
200900046365;0;1;0;0.0;0.0;1.0;5.0;A01
200900046430;0;1;0;0.0;0.0;1.0;1.0;B01
200900046430;0;1;0;0.0;2.0;1.0;1.0;A01
200900046431;0;1;0;0.0;2.0;8.0;1.0;B01
200900046435;0;1;0;0.0;2.0;1.0;1.0;B01
200900046441;0;1;0;0.0;2.0;8.0;2.0;B02
200900046445;0;1;0;0.0;2.0;8.0;1.0;A01
200900046457;0;1;0;0.0;2.0;1.0;1.0;B01
200900046509;0;1;0;0.0;2.0;7.0;0.0;B01
200900046510;0;1;0;0.0;2.0;1.0;1.0;A01
200900046511;0;1;0;0.0;2.0;3.0;9.0;B01
200900046543;0;1;0;0.0;2.0;8.0;1.0;B02
200900046544;0;1;0;0.0;2.0;1.0;1.0;B02
200900046565;0;1;0;0.0;1.0;2.0;1.0;A01
200900046566;0;1;0;0.0;2.0;1.0;1.0;B01
200900046572;0;1;0;0.0;0.0;8.0;1.0;B01
200900046575;0;1;0;0.0;2.0;6.0;1.0;B01
200900046578;0;1;0;0.0;0.0;7.0;19.0;B01
200900046595;0;1;0;6.0;0.0;1.0;0.0;B02
200900046606;0;1;0;0.0;2.0;4.0;1.0;B02
200900046614;0;1;0;15.0;2.0;7.0;5.0;B01
200900046624;0;1;0;0.0;0.0;8.0;1.0;B01
200900046687;0;1;0;0.0;2.0;8.0;19.0;B01
200900046703;0;1;0;0.0;0.0;0.0;1.0;A01
200900046736;0;1;0;0.0;2.0;1.0;1.0;B02
200900046754;0;1;0;0.0;2.0;1.0;15.0;A01
200900046765;0;1;0;0.0;2.0;8.0;2.0;B01
200900046769;0;1;0;0.0;2.0;1.0;2.0;B01
200900046771;0;1;0;0.0;2.0;1.0;1.0;A01
200900046787;0;1;0;0.0;2.0;7.0;1.0;A01
200900046860;0;1;0;1.0;0.0;1.0;1.0;B01
200900046865;0;1;0;1.0;0.0;1.0;1.0;A01
200900046871;0;1;0;1.0;0.0;1.0;1.0;A01
200900046872;0;1;0;0.0;2.0;1.0;1.0;B01
200900046875;0;1;0;0.0;0.0;0.0;1.0;A01
200900046918;0;1;0;0.0;2.0;1.0;1.0;A01
200900046922;0;1;0;0.0;0.0;0.0;1.0;A01
200900046935;0;1;0;0.0;0.0;1.0;0.0;B02
200900046935;0;1;0;0.0;9.0;1.0;0.0;A01
200900047019;0;1;0;0.0;0.0;8.0;1.0;C03
200900047019;0;1;0;0.0;2.0;4.0;1.0;B02
200900047023;0;1;0;0.0;2.0;9.0;19.0;B02
200900047025;0;1;0;0.0;2.0;1.0;15.0;A01
200900047049;0;1;0;0.0;2.0;3.0;13.0;B01
200900047055;0;1;0;0.0;2.0;7.0;1.0;B01
200900047059;0;1;0;0.0;2.0;4.0;13.0;B01
200900047063;0;1;0;0.0;2.0;4.0;1.0;B01
200900047081;0;1;0;0.0;2.0;8.0;15.0;A01
200900047085;0;1;0;0.0;2.0;1.0;1.0;B01
200900047091;0;1;0;0.0;2.0;1.0;1.0;B01
200900047092;0;1;0;0.0;0.0;4.0;2.0;A01
200900047093;0;1;0;0.0;2.0;8.0;1.0;B01
200900047102;0;1;0;0.0;2.0;4.0;1.0;B01
200900047111;0;1;0;0.0;2.0;1.0;0.0;B01
200900047113;0;1;0;0.0;2.0;2.0;15.0;A01
200900047120;0;1;0;0.0;2.0;0.0;1.0;B01
200900047136;0;1;0;0.0;0.0;4.0;15.0;A01
200900047177;0;1;0;0.0;2.0;8.0;13.0;A01
200900047233;0;1;0;0.0;0.0;0.0;17.0;B01
200900047245;0;1;0;0.0;2.0;1.0;1.0;B01
200900047257;0;1;0;0.0;1.0;0.0;0.0;B01
200900047274;0;1;0;0.0;2.0;8.0;1.0;B01
200900047292;0;1;0;0.0;2.0;8.0;13.0;B02
200900047298;0;1;0;0.0;2.0;1.0;1.0;A01
200900047309;0;1;0;0.0;2.0;4.0;2.0;A01
200900047316;0;1;0;0.0;2.0;1.0;1.0;B01
200900047421;0;1;0;0.0;2.0;1.0;19.0;A01
200900047422;0;1;0;0.0;1.0;1.0;1.0;A01
200900047433;0;1;0;0.0;2.0;1.0;18.0;B01
200900047434;0;1;0;1.0;0.0;1.0;1.0;A01
200900047469;0;1;0;0.0;2.0;2.0;1.0;A01
200900047471;0;1;0;0.0;2.0;6.0;2.0;B01
200900047479;0;1;0;0.0;2.0;8.0;1.0;B01
200900047483;0;1;0;0.0;2.0;1.0;17.0;B01
200900047486;0;1;0;0.0;2.0;3.0;19.0;A01
200900047518;0;1;0;0.0;2.0;3.0;17.0;A01
200900047539;0;1;0;0.0;1.0;1.0;17.0;A01
200900047541;0;1;0;0.0;2.0;9.0;0.0;B01
200900047569;0;1;0;1.0;0.0;0.0;1.0;B01
200900047626;0;1;0;0.0;2.0;7.0;1.0;B01
200900047630;0;1;0;0.0;2.0;1.0;2.0;B01
200900047653;0;1;0;0.0;2.0;8.0;11.0;B01
200900047671;0;1;0;0.0;0.0;1.0;1.0;B01
200900047697;0;1;0;1.0;0.0;7.0;2.0;B01
200900047708;0;1;0;0.0;0.0;8.0;2.0;B01
200900047741;0;1;0;0.0;0.0;1.0;1.0;B02
200900047752;0;1;0;0.0;2.0;8.0;19.0;A01
200900047752;1;1;0;0.0;2.0;0.0;1.0;B01
200900047754;0;1;0;0.0;2.0;6.0;1.0;B01
200900047770;0;1;0;0.0;2.0;1.0;0.0;B01
200900047786;0;1;0;0.0;1.0;1.0;1.0;A01
200900047826;0;1;0;0.0;2.0;1.0;1.0;B01
200900047847;0;1;0;0.0;1.0;1.0;1.0;A01
200900047851;0;1;0;0.0;2.0;1.0;18.0;B01
200900047858;0;1;0;0.0;2.0;4.0;1.0;B01
200900047864;0;1;0;0.0;2.0;8.0;0.0;B01
200900047891;0;1;0;0.0;0.0;4.0;2.0;B02
200900047900;0;1;0;0.0;2.0;7.0;1.0;A01
200900047912;0;1;0;0.0;2.0;1.0;1.0;B01
200900047919;0;1;0;0.0;2.0;1.0;1.0;B01
200900047935;0;1;0;0.0;2.0;1.0;1.0;A01
200900047942;0;1;0;0.0;0.0;0.0;11.0;A01
200900047953;0;1;0;0.0;0.0;0.0;1.0;A01
200900047988;0;1;0;0.0;2.0;1.0;1.0;B01
200900047989;0;1;0;0.0;2.0;1.0;1.0;B01
200900048009;0;1;0;0.0;2.0;1.0;1.0;B01
200900048026;0;1;0;0.0;2.0;1.0;1.0;B01
200900048043;0;1;0;0.0;2.0;1.0;19.0;A01
200900048064;0;1;0;0.0;0.0;0.0;1.0;A01
200900048075;0;1;0;0.0;1.0;1.0;1.0;A01
200900048088;0;1;0;0.0;2.0;1.0;15.0;A01
200900048092;0;1;0;0.0;2.0;4.0;15.0;B01
200900048098;0;1;0;0.0;2.0;0.0;9.0;A01
200900048110;0;1;0;0.0;2.0;8.0;19.0;B01
200900048122;0;1;0;0.0;2.0;8.0;1.0;A01
200900048159;0;1;0;0.0;2.0;1.0;1.0;B01
200900048168;0;1;0;0.0;2.0;0.0;5.0;B01
200900048186;0;1;0;0.0;2.0;1.0;0.0;B01
200900048188;0;1;0;0.0;2.0;3.0;19.0;B01
200900048194;0;1;0;0.0;2.0;7.0;1.0;B01
200900048204;0;1;0;1.0;0.0;0.0;1.0;B01
200900048222;0;1;0;0.0;2.0;7.0;16.0;A01
200900048223;0;1;0;0.0;2.0;8.0;19.0;A01
200900048233;0;1;0;0.0;2.0;1.0;1.0;B02
200900048239;0;1;0;0.0;2.0;8.0;19.0;B02
200900048248;0;1;0;0.0;2.0;1.0;14.0;B01
200900048268;0;1;0;0.0;2.0;1.0;1.0;B01
200900048279;0;1;0;0.0;2.0;8.0;19.0;B02
200900048280;0;1;0;0.0;2.0;8.0;15.0;A01
200900048288;0;1;0;0.0;2.0;8.0;13.0;B02
200900048307;0;1;0;0.0;2.0;3.0;1.0;B01
200900048314;0;1;0;0.0;2.0;8.0;2.0;B01
200900048320;0;1;0;0.0;2.0;1.0;1.0;B01
200900048324;0;1;0;0.0;2.0;1.0;1.0;A01
200900048325;0;1;0;0.0;2.0;0.0;15.0;B01
200900048333;0;1;0;0.0;2.0;7.0;19.0;A01
200900048340;0;1;0;0.0;2.0;0.0;9.0;A01
200900048346;0;1;0;0.0;2.0;0.0;1.0;B01
200900048369;0;1;0;0.0;2.0;1.0;1.0;B01
200900048378;0;1;0;0.0;2.0;1.0;13.0;B02
200900048383;0;1;0;0.0;2.0;3.0;1.0;B02
200900048410;0;1;0;1.0;0.0;1.0;1.0;A01
200900048424;0;1;0;0.0;2.0;0.0;1.0;A01
200900048430;0;1;0;0.0;1.0;7.0;1.0;A01
200900048433;0;1;0;0.0;2.0;7.0;18.0;A01
200900048436;0;1;0;7.0;0.0;0.0;1.0;B01
200900048440;0;1;0;1.0;0.0;1.0;21.0;B01
200900048457;0;1;0;0.0;0.0;0.0;0.0;A01
200900048460;0;1;0;0.0;2.0;2.0;1.0;B01
200900048469;0;1;0;0.0;2.0;1.0;1.0;A01
200900048471;0;1;0;0.0;2.0;5.0;15.0;B01
200900048476;0;1;0;0.0;0.0;2.0;1.0;B01
200900048480;0;1;0;1.0;0.0;1.0;1.0;B01
200900048481;0;1;0;0.0;2.0;1.0;0.0;B01
200900048483;0;1;0;0.0;1.0;1.0;1.0;A01
200900048494;0;1;0;0.0;0.0;0.0;1.0;B01
200900048498;0;1;0;0.0;2.0;1.0;1.0;A01
200900048501;0;1;0;0.0;2.0;1.0;1.0;A01
200900048501;0;1;0;0.0;2.0;1.0;1.0;B01
200900048507;0;1;0;0.0;2.0;8.0;19.0;B01
200900048514;0;1;0;0.0;2.0;4.0;15.0;B02
200900048517;0;1;0;0.0;2.0;1.0;5.0;A01
200900048519;0;1;0;0.0;0.0;0.0;1.0;A01
200900048534;0;1;0;0.0;2.0;0.0;5.0;A01
200900048535;0;1;0;1.0;0.0;1.0;1.0;B01
200900048545;0;1;0;0.0;2.0;0.0;13.0;A01
200900048571;0;1;0;0.0;2.0;9.0;0.0;B01
200900048577;0;1;0;0.0;2.0;1.0;15.0;A01
200900048578;0;1;0;0.0;2.0;1.0;1.0;B01
200900048589;0;1;0;0.0;2.0;2.0;1.0;B02
200900048597;0;1;0;0.0;0.0;4.0;1.0;B02
200900048598;0;1;0;0.0;2.0;2.0;19.0;A01
200900048611;0;1;0;0.0;2.0;2.0;1.0;A01
200900048619;0;1;0;0.0;2.0;1.0;15.0;B01
200900048620;0;1;0;0.0;2.0;0.0;1.0;B01
200900048635;0;1;0;0.0;2.0;7.0;19.0;A01
200900048644;0;1;0;0.0;0.0;3.0;1.0;B02
200900048678;0;1;0;0.0;2.0;1.0;9.0;B02
200900048703;0;1;0;0.0;2.0;4.0;23.0;B02
200900048716;0;1;0;0.0;2.0;1.0;1.0;B02
200900048722;0;1;0;0.0;0.0;1.0;1.0;A01
200900048740;0;1;0;0.0;2.0;1.0;15.0;B02
200900048741;0;1;0;0.0;2.0;1.0;1.0;B02
200900048753;0;1;0;0.0;2.0;7.0;1.0;B01
200900048756;0;1;0;0.0;2.0;8.0;19.0;A01
200900048757;0;1;0;0.0;2.0;1.0;1.0;A01
200900048777;0;1;0;0.0;2.0;1.0;16.0;B01
200900048784;0;1;0;1.0;0.0;1.0;1.0;A01
200900048823;0;1;0;0.0;2.0;1.0;2.0;B02
200900048864;0;1;0;0.0;2.0;7.0;0.0;A01
200900048865;0;1;0;0.0;2.0;8.0;19.0;B01
200900048888;0;1;0;0.0;2.0;1.0;1.0;B01
200900048889;0;1;0;0.0;2.0;1.0;0.0;B01
200900048907;0;1;0;0.0;0.0;4.0;1.0;A01
200900048908;0;1;0;0.0;2.0;1.0;19.0;A01
200900048916;0;1;0;0.0;2.0;4.0;1.0;B01
200900048936;0;1;0;0.0;2.0;0.0;1.0;A01
200900048939;0;1;0;0.0;2.0;0.0;19.0;A01
200900048954;0;1;0;0.0;2.0;1.0;15.0;B01
200900048955;0;1;0;0.0;0.0;4.0;15.0;B01
200900048973;0;1;0;0.0;2.0;1.0;13.0;B02
200900048989;0;1;0;0.0;2.0;8.0;19.0;A01
200900048990;0;1;0;0.0;2.0;1.0;1.0;B01
200900048994;0;1;0;0.0;2.0;0.0;19.0;A01
200900048998;0;1;0;0.0;0.0;0.0;1.0;B01
200900049012;0;1;0;0.0;2.0;1.0;1.0;B01
200900049013;0;1;0;0.0;2.0;1.0;1.0;B01
200900049023;0;1;0;0.0;2.0;4.0;17.0;B01
200900049025;0;1;0;1.0;0.0;1.0;2.0;A01
200900049040;0;1;0;0.0;2.0;8.0;9.0;B01
200900049047;0;1;0;0.0;2.0;1.0;1.0;B01
200900049054;1;1;0;0.0;2.0;1.0;9.0;A01
200900049145;0;1;0;0.0;2.0;1.0;15.0;A01
200900049153;0;1;0;0.0;2.0;0.0;2.0;B01
200900049157;0;1;0;0.0;2.0;3.0;15.0;B01
200900049184;0;1;0;0.0;2.0;6.0;1.0;B01
200900049198;0;1;0;0.0;2.0;1.0;1.0;B02
200900049206;0;1;0;0.0;0.0;1.0;1.0;A01
200900049207;0;1;0;0.0;2.0;1.0;1.0;B02
200900049212;0;1;0;0.0;0.0;1.0;1.0;B02
200900049221;0;1;0;0.0;2.0;8.0;1.0;B01
200900049277;0;1;0;0.0;0.0;4.0;1.0;A01
200900049283;0;1;0;1.0;2.0;0.0;19.0;A01
200900049314;0;1;0;0.0;2.0;0.0;1.0;B01
200900049317;0;1;0;0.0;2.0;0.0;19.0;B01
200900049330;0;1;0;0.0;2.0;8.0;1.0;A01
200900049337;0;1;0;0.0;2.0;8.0;19.0;B01
200900049340;0;1;0;0.0;2.0;9.0;1.0;B01
200900049344;0;1;0;0.0;2.0;2.0;1.0;B01
200900049375;0;1;0;0.0;0.0;7.0;1.0;A01
200900049375;0;1;0;0.0;0.0;7.0;1.0;B02
200900049404;0;1;0;0.0;2.0;1.0;0.0;B01
200900049408;0;1;0;0.0;2.0;1.0;1.0;A01
200900049426;0;1;0;0.0;2.0;1.0;13.0;C03
200900049426;0;1;0;0.0;2.0;1.0;13.0;B02
200900049442;0;1;0;0.0;2.0;6.0;2.0;B02
200900049443;0;1;0;0.0;2.0;1.0;1.0;B02
200900049513;0;1;0;0.0;2.0;8.0;1.0;B01
200900049514;0;1;0;0.0;2.0;7.0;1.0;B01
200900049516;0;1;0;0.0;2.0;1.0;19.0;B01
200900049524;0;1;0;0.0;2.0;1.0;1.0;B01
200900049527;0;1;0;0.0;2.0;4.0;1.0;B01
200900049545;0;1;0;0.0;2.0;1.0;1.0;B01
200900049546;0;1;0;0.0;2.0;5.0;19.0;B01
200900049552;0;1;0;0.0;2.0;8.0;1.0;B01
200900049581;0;1;0;0.0;2.0;1.0;1.0;B01
200900049587;0;1;0;0.0;2.0;1.0;1.0;B01
200900049589;0;1;0;0.0;2.0;1.0;2.0;A01
200900049592;0;1;0;0.0;2.0;1.0;19.0;B02
200900049595;0;1;0;1.0;0.0;1.0;1.0;B02
200900049601;0;1;0;0.0;2.0;4.0;1.0;B02
200900049640;0;1;0;0.0;2.0;1.0;5.0;A01
200900049674;0;1;0;0.0;2.0;1.0;15.0;B01
200900049690;0;1;0;0.0;2.0;1.0;15.0;B01
200900049697;0;1;0;0.0;2.0;1.0;19.0;A01
200900049702;0;1;0;0.0;2.0;4.0;1.0;B01
200900049706;0;1;0;0.0;2.0;0.0;5.0;D01
200900049714;0;1;0;0.0;2.0;1.0;1.0;B01
200900049718;0;1;0;0.0;2.0;8.0;1.0;B01
200900049725;0;1;0;0.0;2.0;5.0;1.0;B01
200900049755;0;1;0;0.0;2.0;4.0;11.0;B01
200900049770;0;1;0;0.0;2.0;1.0;2.0;A01
200900049795;0;1;0;0.0;2.0;0.0;1.0;B01
200900049808;0;1;0;1.0;0.0;1.0;1.0;B01
200900049809;0;1;0;0.0;2.0;1.0;1.0;A01
200900049817;0;1;0;1.0;2.0;1.0;1.0;B01
200900049849;0;1;0;0.0;2.0;3.0;19.0;A01
200900049871;0;1;0;0.0;2.0;1.0;13.0;A01
200900049883;0;1;0;0.0;5.0;1.0;21.0;A01
200900049918;0;1;0;0.0;2.0;1.0;19.0;A01
200900049930;0;1;0;0.0;2.0;7.0;15.0;B01
200900049984;0;1;0;0.0;2.0;6.0;1.0;B01
200900049999;0;1;0;0.0;2.0;0.0;2.0;A01
200900050005;0;1;0;0.0;2.0;1.0;2.0;A01
200900050007;0;1;0;1.0;1.0;7.0;2.0;B01
200900050042;0;1;0;0.0;2.0;0.0;1.0;B01
200900050077;0;1;0;0.0;0.0;0.0;0.0;B01
200900050084;0;1;0;0.0;2.0;1.0;1.0;B01
200900050117;0;1;0;0.0;2.0;8.0;0.0;B01
200900050128;0;1;0;0.0;2.0;1.0;19.0;B01
200900050134;0;1;0;0.0;2.0;0.0;0.0;B01
200900050135;0;1;0;0.0;2.0;7.0;1.0;B01
200900050143;0;1;0;0.0;0.0;0.0;1.0;B01
200900050143;0;1;0;0.0;0.0;0.0;1.0;C01
200900050192;0;1;0;0.0;2.0;1.0;19.0;A01
200900050213;0;1;0;0.0;2.0;8.0;1.0;B02
200900050216;0;1;0;0.0;0.0;8.0;1.0;B02
200900050228;0;1;0;0.0;2.0;1.0;1.0;B01
200900050230;0;1;0;0.0;2.0;1.0;15.0;B01
200900050238;0;1;0;0.0;2.0;8.0;1.0;B01
200900050254;0;1;0;0.0;5.0;3.0;1.0;A01
200900050255;0;1;0;0.0;2.0;0.0;13.0;B02
200900050258;0;1;0;0.0;0.0;8.0;15.0;B02
200900050271;0;1;0;0.0;2.0;8.0;1.0;B02
200900050277;0;1;0;0.0;2.0;4.0;2.0;B02
200900050354;0;1;0;0.0;2.0;1.0;15.0;B02
200900050360;0;1;0;0.0;2.0;7.0;1.0;B02
200900050413;0;1;0;0.0;2.0;7.0;1.0;B01
200900050422;0;1;0;0.0;2.0;8.0;1.0;B01
200900050427;0;1;0;0.0;2.0;8.0;1.0;B02
200900050429;0;1;0;0.0;2.0;0.0;1.0;B02
200900050439;0;1;0;0.0;0.0;0.0;2.0;B02
200900050451;0;1;0;0.0;2.0;1.0;1.0;B01
200900050475;0;1;0;0.0;2.0;7.0;1.0;B02
200900050500;0;1;0;0.0;2.0;8.0;15.0;B02
200900050514;0;1;0;0.0;2.0;8.0;1.0;B01
200900050535;0;1;0;0.0;2.0;1.0;1.0;B02
200900050535;0;1;0;0.0;2.0;7.0;1.0;C03
200900050553;0;1;0;0.0;2.0;1.0;5.0;A01
200900050608;0;1;0;0.0;2.0;1.0;15.0;B02
200900050623;0;1;0;0.0;2.0;2.0;15.0;A01
200900050627;0;1;0;0.0;2.0;3.0;15.0;B01
200900050628;0;1;0;0.0;2.0;7.0;9.0;B01
200900050654;0;1;0;0.0;2.0;8.0;1.0;B01
200900050661;0;1;0;0.0;2.0;1.0;2.0;B02
200900050664;0;1;0;0.0;2.0;0.0;1.0;B02
200900050665;0;1;0;0.0;0.0;4.0;15.0;B02
200900050693;0;1;0;0.0;2.0;8.0;15.0;B01
200900050738;0;1;0;0.0;2.0;4.0;2.0;A01
200900050748;0;1;0;0.0;1.0;1.0;5.0;A01
200900050754;0;1;0;0.0;1.0;0.0;1.0;A01
200900050791;0;1;0;0.0;0.0;6.0;1.0;B02
200900050812;0;1;0;0.0;2.0;1.0;19.0;A01
200900050820;0;1;0;0.0;2.0;1.0;1.0;B01
200900050957;0;1;0;0.0;2.0;6.0;0.0;B02
200900050982;0;1;0;0.0;2.0;8.0;1.0;B01
200900050983;0;1;0;0.0;0.0;4.0;0.0;B01