Num_Acc;senc;catv;occutc;obs;obsm;choc;manv;num_veh
200900050988;0;1;0;0.0;2.0;1.0;1.0;B01
200900051007;0;1;0;0.0;2.0;1.0;19.0;B02
200900051010;0;1;0;0.0;2.0;1.0;1.0;B02
200900051038;0;1;0;0.0;9.0;4.0;2.0;A01
200900051038;0;1;0;0.0;9.0;7.0;2.0;B01
200900051107;0;1;0;0.0;2.0;1.0;1.0;B01
200900051127;0;1;0;0.0;2.0;1.0;1.0;B01
200900051131;0;1;0;0.0;0.0;0.0;0.0;B01
200900051180;0;1;0;0.0;1.0;1.0;0.0;A01
200900051199;0;1;0;0.0;2.0;1.0;1.0;A01
200900051230;0;1;0;0.0;0.0;8.0;0.0;B01
200900051236;0;1;0;0.0;2.0;8.0;13.0;B01
200900051255;0;1;0;0.0;2.0;1.0;2.0;B01
200900051270;0;1;0;0.0;2.0;1.0;19.0;A01
200900051337;0;1;0;0.0;0.0;0.0;21.0;A01
200900051342;0;1;0;0.0;1.0;1.0;1.0;A01
200900051345;0;1;0;0.0;2.0;2.0;19.0;B01
200900051356;0;1;0;0.0;9.0;1.0;1.0;B01
200900051368;0;1;0;0.0;2.0;1.0;1.0;B01
200900051423;0;1;0;0.0;2.0;1.0;16.0;A01
200900051436;0;1;0;0.0;2.0;1.0;1.0;B01
200900051455;0;1;0;0.0;2.0;1.0;1.0;B01
200900051459;0;1;0;0.0;2.0;8.0;18.0;A01
200900051471;0;1;0;0.0;2.0;1.0;16.0;B01
200900051473;0;1;0;0.0;2.0;9.0;1.0;B01
200900051510;0;1;0;0.0;2.0;1.0;1.0;B01
200900051561;0;1;0;0.0;2.0;8.0;19.0;A01
200900051577;0;1;0;0.0;2.0;7.0;19.0;A01
200900051578;0;1;0;0.0;2.0;0.0;0.0;B01
200900051591;0;1;0;0.0;2.0;1.0;1.0;B01
200900051635;0;1;0;0.0;0.0;5.0;13.0;B01
200900051642;0;1;0;8.0;0.0;0.0;13.0;A01
200900051647;0;1;0;0.0;2.0;3.0;9.0;A01
200900051655;0;1;0;0.0;2.0;1.0;17.0;B01
200900051658;0;1;0;0.0;2.0;7.0;19.0;A01
200900051666;0;1;0;0.0;2.0;8.0;1.0;B01
200900051668;0;1;0;0.0;2.0;1.0;18.0;B01
200900051690;0;1;0;0.0;2.0;1.0;19.0;A01
200900051716;0;1;0;0.0;0.0;4.0;2.0;B02
200900051724;0;1;0;0.0;2.0;3.0;2.0;B01
200900051742;0;1;0;0.0;2.0;1.0;1.0;B01
200900051817;0;1;0;0.0;2.0;1.0;0.0;B01
200900051820;0;1;0;1.0;0.0;1.0;1.0;B01
200900051821;0;1;0;0.0;2.0;1.0;0.0;C01
200900051841;0;1;0;0.0;2.0;1.0;0.0;B01
200900051861;0;1;0;0.0;2.0;8.0;0.0;B01
200900051863;0;1;0;0.0;0.0;8.0;15.0;A01
200900051910;0;1;0;0.0;2.0;1.0;0.0;B01
200900051934;0;1;0;0.0;2.0;3.0;15.0;B02
200900051949;0;1;0;0.0;2.0;1.0;1.0;B01
200900051960;0;1;0;0.0;2.0;1.0;1.0;B01
200900051996;0;1;0;0.0;0.0;4.0;1.0;A01
200900052050;0;1;0;0.0;2.0;1.0;13.0;A01
200900052062;0;1;0;0.0;0.0;0.0;0.0;B02
200900052071;0;1;0;0.0;2.0;1.0;0.0;C01
200900052071;0;1;0;0.0;2.0;1.0;0.0;B01
200900052072;0;1;0;0.0;2.0;1.0;1.0;B01
200900052092;0;1;0;0.0;2.0;3.0;1.0;B02
200900052095;0;1;0;1.0;0.0;1.0;1.0;B02
200900052103;0;1;0;0.0;0.0;3.0;0.0;A01
200900052142;0;1;0;0.0;2.0;8.0;1.0;B01
200900052146;0;1;0;0.0;2.0;1.0;15.0;B02
200900052165;0;1;0;0.0;1.0;6.0;2.0;A01
200900052209;0;1;0;0.0;0.0;1.0;17.0;B02
200900052209;0;1;0;0.0;0.0;4.0;13.0;A01
200900052224;0;1;0;0.0;2.0;4.0;2.0;B01
200900052241;0;1;0;0.0;2.0;1.0;1.0;A01
200900052283;0;1;0;0.0;2.0;4.0;12.0;B01
200900052286;0;1;0;0.0;2.0;8.0;19.0;B01
200900052287;0;1;0;0.0;2.0;8.0;1.0;A01
200900052291;0;1;0;0.0;2.0;8.0;1.0;B01
200900052302;0;1;0;0.0;2.0;7.0;19.0;B01
200900052334;0;1;0;0.0;2.0;1.0;14.0;B02
200900052340;0;1;0;0.0;0.0;0.0;13.0;C03
200900052379;0;1;0;0.0;2.0;0.0;1.0;B01
200900052384;0;1;0;0.0;0.0;4.0;1.0;A01
200900052400;0;1;0;0.0;2.0;4.0;1.0;B01
200900052436;0;1;0;0.0;0.0;0.0;1.0;B01
200900052462;0;1;0;0.0;2.0;1.0;2.0;A01
200900052498;0;1;0;0.0;2.0;1.0;0.0;B01
200900052506;0;1;0;0.0;2.0;1.0;1.0;B01
200900052517;0;1;0;0.0;2.0;7.0;0.0;B01
200900052519;0;1;0;0.0;0.0;4.0;1.0;B01
200900052524;0;1;0;0.0;2.0;4.0;1.0;B01
200900052591;0;1;0;0.0;2.0;9.0;2.0;B01
200900052592;0;1;0;0.0;2.0;7.0;3.0;A01
200900052661;0;1;0;0.0;2.0;3.0;21.0;B01
200900052690;0;1;0;0.0;0.0;0.0;0.0;B01
200900052691;0;1;0;0.0;2.0;8.0;1.0;B01
200900052694;0;1;0;0.0;2.0;4.0;1.0;B01
200900052698;0;1;0;0.0;2.0;5.0;1.0;B01
200900052712;0;1;0;0.0;2.0;6.0;2.0;B01
200900052716;0;1;0;0.0;0.0;0.0;0.0;B01
200900052717;0;1;0;0.0;2.0;1.0;1.0;B01
200900052743;0;1;0;0.0;2.0;0.0;13.0;A01
200900052774;0;1;0;0.0;2.0;0.0;1.0;B02
200900052879;0;1;0;0.0;0.0;8.0;11.0;A01
200900052906;0;1;0;0.0;2.0;1.0;0.0;A01
200900052944;0;1;0;0.0;0.0;3.0;15.0;B01
200900052948;0;1;0;0.0;2.0;7.0;1.0;B01
200900052974;0;1;0;0.0;2.0;8.0;11.0;B01
200900052988;0;1;0;0.0;2.0;1.0;1.0;B01
200900053019;0;1;0;0.0;0.0;4.0;1.0;A01
200900053035;0;1;0;0.0;0.0;8.0;19.0;B01
200900053126;0;1;0;0.0;0.0;0.0;0.0;A01
200900053153;0;1;0;0.0;2.0;0.0;19.0;A01
200900053163;0;1;0;0.0;2.0;1.0;2.0;A01
200900053165;0;1;0;0.0;1.0;1.0;1.0;A01
200900053179;0;1;0;0.0;2.0;8.0;19.0;A01
200900053207;0;1;0;0.0;2.0;1.0;1.0;B02
200900053209;0;1;0;0.0;2.0;4.0;1.0;A01
200900053212;0;1;0;0.0;2.0;1.0;1.0;A01
200900053228;0;1;0;0.0;2.0;7.0;19.0;B02
200900053241;0;1;0;0.0;2.0;1.0;1.0;A01
200900053241;0;1;0;0.0;2.0;1.0;1.0;B02
200900053246;0;1;0;0.0;2.0;1.0;1.0;B02
200900053247;0;1;0;0.0;2.0;8.0;1.0;B02
200900053264;0;1;0;0.0;2.0;7.0;19.0;B01
200900053265;0;1;0;0.0;2.0;6.0;19.0;B01
200900053274;0;1;0;0.0;2.0;8.0;19.0;B01
200900053278;0;1;0;0.0;0.0;8.0;19.0;B01
200900053305;0;1;0;0.0;2.0;1.0;1.0;B01
200900053311;0;1;0;0.0;2.0;1.0;2.0;A01
200900053333;0;1;0;0.0;2.0;5.0;3.0;B01
200900053360;0;1;0;0.0;9.0;1.0;13.0;B01
200900053360;0;1;0;0.0;9.0;1.0;14.0;A01
200900053377;0;1;0;0.0;0.0;1.0;2.0;A01
200900053379;0;1;0;0.0;0.0;8.0;2.0;A01
200900053388;0;1;0;1.0;2.0;8.0;2.0;B01
200900053395;0;1;0;0.0;0.0;0.0;0.0;B01
200900053405;0;1;0;0.0;0.0;0.0;0.0;B01
200900053427;0;1;0;0.0;2.0;1.0;5.0;A01
200900053439;0;1;0;0.0;2.0;7.0;6.0;A01
200900053463;0;1;0;0.0;2.0;6.0;2.0;B01
200900053503;0;1;0;0.0;2.0;1.0;2.0;B01
200900053561;0;1;0;0.0;0.0;0.0;1.0;B01
200900053562;0;1;0;0.0;2.0;3.0;19.0;A01
200900053585;0;1;0;0.0;2.0;7.0;1.0;A01
200900053591;0;1;0;0.0;2.0;1.0;0.0;A01
200900053595;0;1;0;0.0;2.0;1.0;1.0;B01
200900053631;0;1;0;0.0;2.0;8.0;2.0;B01
200900053638;0;1;0;0.0;1.0;1.0;1.0;A01
200900053648;0;1;0;0.0;0.0;1.0;1.0;B01
200900053657;0;1;0;0.0;2.0;1.0;0.0;A01
200900053661;0;1;0;0.0;2.0;1.0;2.0;B01
200900053696;0;1;0;0.0;0.0;0.0;0.0;B01
200900053726;0;1;0;0.0;2.0;4.0;7.0;B01
200900053735;0;1;0;0.0;0.0;0.0;0.0;B01
200900053753;0;1;0;0.0;2.0;1.0;5.0;B01
200900053775;0;1;0;1.0;2.0;3.0;19.0;A01
200900053780;0;1;0;0.0;2.0;3.0;19.0;A01
200900053793;0;1;0;0.0;2.0;1.0;1.0;B01
200900053794;0;1;0;0.0;0.0;0.0;1.0;A01
200900053882;0;1;0;0.0;2.0;8.0;1.0;B01
200900053896;0;1;0;0.0;2.0;4.0;13.0;B01
200900053902;0;1;0;0.0;2.0;3.0;1.0;B01
200900053923;0;1;0;0.0;0.0;7.0;1.0;A01
200900053934;0;1;0;0.0;2.0;7.0;12.0;B01
200900053962;0;1;0;0.0;2.0;1.0;19.0;A01
200900053964;0;1;0;0.0;2.0;8.0;1.0;A01
200900053966;0;1;0;0.0;1.0;1.0;1.0;A01
200900053991;0;1;0;0.0;1.0;1.0;1.0;A01
200900054024;0;1;0;0.0;2.0;8.0;1.0;B01
200900054027;0;1;0;0.0;2.0;3.0;1.0;A01
200900054032;0;1;0;0.0;2.0;8.0;2.0;B01
200900054066;0;1;0;0.0;2.0;4.0;2.0;B01
200900054067;0;1;0;0.0;2.0;2.0;17.0;B01
200900054067;0;1;0;1.0;2.0;3.0;13.0;A01
200900054068;0;1;0;0.0;2.0;1.0;9.0;A01
200900054077;0;1;0;0.0;2.0;2.0;1.0;B01
200900054121;0;1;0;8.0;0.0;1.0;1.0;A01
200900054164;0;1;0;0.0;2.0;7.0;19.0;B01
200900054166;0;1;0;0.0;2.0;1.0;16.0;B01
200900054234;0;1;0;0.0;2.0;4.0;0.0;B01
200900054266;0;1;0;0.0;2.0;1.0;16.0;A01
200900054286;0;1;0;0.0;2.0;1.0;1.0;B01
200900054296;0;1;0;1.0;0.0;5.0;1.0;B01
200900054297;0;1;0;0.0;2.0;1.0;3.0;A01
200900054302;0;1;0;0.0;2.0;1.0;1.0;B01
200900054310;0;1;0;0.0;2.0;1.0;2.0;A01
200900054324;0;1;0;0.0;1.0;1.0;2.0;A01
200900054326;0;1;0;14.0;0.0;1.0;21.0;A01
200900054351;0;1;0;0.0;2.0;7.0;1.0;B02
200900054377;0;1;0;0.0;2.0;8.0;17.0;B01
200900054380;0;1;0;0.0;2.0;1.0;1.0;B01
200900054391;0;1;0;0.0;2.0;0.0;2.0;B01
200900054403;0;1;0;0.0;0.0;7.0;15.0;B01
200900054410;0;1;0;0.0;2.0;1.0;5.0;B01
200900054467;0;1;0;0.0;2.0;1.0;1.0;A01
200900054479;0;1;0;0.0;2.0;0.0;2.0;B01
200900054491;0;1;0;0.0;2.0;1.0;5.0;A01
200900054504;0;1;0;1.0;0.0;1.0;1.0;B01
200900054505;0;1;0;0.0;2.0;9.0;13.0;B01
200900054507;0;1;0;0.0;0.0;1.0;2.0;A01
200900054514;0;1;0;0.0;2.0;8.0;15.0;A01
200900054517;0;1;0;0.0;5.0;2.0;1.0;A01
200900054519;0;1;0;0.0;2.0;1.0;1.0;B02
200900054521;0;1;0;0.0;2.0;4.0;13.0;B02
200900054531;0;1;0;1.0;0.0;1.0;1.0;B02
200900054557;0;1;0;0.0;2.0;1.0;2.0;B01
200900054599;0;1;0;0.0;2.0;0.0;18.0;B01
200900054639;0;1;0;1.0;0.0;1.0;2.0;B01
200900054642;0;1;0;0.0;0.0;4.0;0.0;B01
200900054653;0;1;0;0.0;0.0;0.0;1.0;A01
200900054705;0;1;0;0.0;2.0;4.0;2.0;B01
200900054709;0;1;0;0.0;0.0;0.0;1.0;A01
200900054732;0;1;0;0.0;0.0;0.0;0.0;A01
200900054739;0;1;0;0.0;2.0;0.0;0.0;A01
200900054739;0;1;0;0.0;2.0;0.0;0.0;B01
200900054752;0;1;0;1.0;0.0;0.0;2.0;B01
200900054756;0;1;0;0.0;0.0;0.0;1.0;A01
200900054759;0;1;0;0.0;2.0;1.0;1.0;B01
200900054775;0;1;0;0.0;0.0;1.0;15.0;B02
200900054797;0;1;0;0.0;2.0;4.0;1.0;B01
200900054826;0;1;0;12.0;0.0;2.0;1.0;A01
200900054838;0;1;0;0.0;2.0;0.0;19.0;B01
200900054855;0;1;0;0.0;2.0;0.0;2.0;B01
200900054870;0;1;0;0.0;2.0;0.0;1.0;B01
200900054872;0;1;0;0.0;2.0;1.0;1.0;A01
200900054880;0;1;0;0.0;0.0;7.0;16.0;A01
200900054890;0;1;0;0.0;2.0;0.0;13.0;B01
200900054896;0;1;0;0.0;2.0;1.0;21.0;B01
200900054922;0;1;0;0.0;2.0;7.0;23.0;B02
200900054931;0;1;0;0.0;2.0;4.0;2.0;B02
200900054959;0;1;0;0.0;2.0;1.0;16.0;A01
200900054960;0;1;0;0.0;2.0;1.0;2.0;A01
200900054969;0;1;0;0.0;0.0;0.0;0.0;A01
200900054973;0;1;0;0.0;2.0;4.0;19.0;A01
200900054977;0;1;0;0.0;2.0;1.0;16.0;B01
200900054982;0;1;0;0.0;1.0;1.0;2.0;A01
200900054986;0;1;0;0.0;2.0;1.0;1.0;A01
200900054991;0;1;0;0.0;2.0;1.0;1.0;B02
200900055000;0;1;0;0.0;1.0;1.0;5.0;A01
200900055015;0;1;0;0.0;2.0;4.0;1.0;B02
200900055027;0;1;0;0.0;2.0;1.0;1.0;B01
200900055029;0;1;0;0.0;2.0;8.0;19.0;B01
200900055041;0;1;0;0.0;0.0;0.0;2.0;A01
200900055110;0;1;0;1.0;0.0;1.0;1.0;B01
200900055111;0;1;0;0.0;2.0;1.0;16.0;B01
200900055112;0;1;0;0.0;2.0;1.0;1.0;B01
200900055122;0;1;0;0.0;2.0;8.0;15.0;B02
200900055137;0;1;0;0.0;2.0;1.0;2.0;B01
200900055140;0;1;0;0.0;0.0;0.0;2.0;A01
200900055152;0;1;0;0.0;2.0;1.0;1.0;A01
200900055164;0;1;0;0.0;2.0;1.0;19.0;A01
200900055177;0;1;0;0.0;2.0;1.0;1.0;B01
200900055199;0;1;0;0.0;2.0;1.0;1.0;B01
200900055211;0;1;0;0.0;0.0;4.0;1.0;B02
200900055216;0;1;0;0.0;2.0;8.0;19.0;A01
200900055247;0;1;0;12.0;0.0;1.0;3.0;Y01
200900055248;0;1;0;1.0;0.0;1.0;2.0;B01
200900055250;0;1;0;0.0;2.0;1.0;2.0;A01
200900055251;0;1;0;0.0;2.0;1.0;1.0;B01
200900055266;0;1;0;0.0;2.0;2.0;1.0;B01
200900055286;0;1;0;0.0;2.0;5.0;2.0;A01
200900055309;0;1;0;0.0;0.0;8.0;13.0;B01
200900055325;0;1;0;0.0;2.0;1.0;1.0;A01
200900055356;0;1;0;0.0;2.0;1.0;1.0;A01
200900055365;0;1;0;0.0;2.0;2.0;1.0;B01
200900055373;0;1;0;0.0;2.0;1.0;19.0;A01
200900055411;0;1;0;0.0;2.0;1.0;12.0;B01
200900055412;0;1;0;0.0;2.0;1.0;1.0;B01
200900055426;0;1;0;0.0;2.0;1.0;1.0;A01
200900055428;0;1;0;0.0;2.0;1.0;1.0;A01
200900055428;0;1;0;0.0;2.0;1.0;1.0;B01
200900055432;0;1;0;0.0;2.0;1.0;17.0;B02
200900055445;0;1;0;0.0;2.0;8.0;1.0;A01
200900055461;0;1;0;0.0;2.0;3.0;9.0;B01
200900055463;0;1;0;0.0;2.0;7.0;15.0;B01
200900055465;0;1;0;0.0;2.0;1.0;1.0;B01
200900055477;0;1;0;0.0;2.0;8.0;1.0;B01
200900055512;0;1;0;0.0;0.0;4.0;0.0;B02
200900055528;0;1;0;0.0;0.0;1.0;5.0;B02
200900055557;0;1;0;0.0;1.0;3.0;1.0;A01
200900055569;0;1;0;0.0;2.0;8.0;19.0;B01
200900055570;0;1;0;0.0;2.0;3.0;1.0;B01
200900055598;0;1;0;0.0;2.0;8.0;1.0;B02
200900055609;0;1;0;0.0;2.0;1.0;13.0;B01
200900055619;0;1;0;0.0;2.0;1.0;1.0;A01
200900055623;0;1;0;0.0;2.0;1.0;15.0;B01
200900055664;0;1;0;0.0;2.0;0.0;2.0;C01
200900055664;0;1;0;0.0;2.0;0.0;2.0;B01
200900055669;0;1;0;0.0;2.0;0.0;19.0;A01
200900055671;0;1;0;0.0;2.0;4.0;1.0;B01
200900055690;0;1;0;0.0;2.0;1.0;11.0;A01
200900055740;0;1;0;0.0;2.0;5.0;19.0;B01
200900055849;0;1;0;0.0;2.0;8.0;1.0;B01
200900055888;0;1;0;0.0;2.0;0.0;1.0;B01
200900055912;0;1;0;0.0;0.0;0.0;13.0;A01
200900056009;0;1;0;0.0;2.0;7.0;19.0;B01
200900056070;0;1;0;0.0;2.0;1.0;13.0;A01
200900056084;0;1;0;0.0;2.0;8.0;9.0;B01
200900056088;0;1;0;0.0;0.0;0.0;21.0;A01
200900056103;0;1;0;0.0;2.0;7.0;1.0;B02
200900056108;0;1;0;0.0;2.0;1.0;16.0;B01
200900056125;0;1;0;0.0;0.0;9.0;15.0;A01
200900056160;0;1;0;0.0;0.0;0.0;1.0;B01
200900056161;0;1;0;0.0;0.0;8.0;19.0;B01
200900056170;0;1;0;0.0;0.0;4.0;2.0;B02
200900056191;0;1;0;0.0;2.0;1.0;2.0;B01
200900056192;0;1;0;0.0;0.0;7.0;0.0;B02
200900056198;0;1;0;0.0;2.0;4.0;2.0;B01
200900056222;0;1;0;0.0;2.0;6.0;19.0;B02
200900056267;0;1;0;0.0;0.0;0.0;0.0;B01
200900056277;0;1;0;0.0;2.0;1.0;5.0;A01
200900056283;0;1;0;0.0;0.0;0.0;0.0;B01
200900056314;0;1;0;0.0;2.0;8.0;1.0;B01
200900056319;0;1;0;0.0;2.0;2.0;1.0;B01
200900056326;1;1;0;0.0;0.0;4.0;11.0;B01
200900056327;0;1;0;1.0;0.0;1.0;1.0;B01
200900056333;0;1;0;0.0;2.0;3.0;1.0;B01
200900056342;0;1;0;0.0;1.0;1.0;5.0;A01
200900056346;0;1;0;0.0;2.0;1.0;5.0;B01
200900056380;0;1;0;0.0;2.0;7.0;9.0;A01
200900056381;0;1;0;0.0;1.0;1.0;1.0;A01
200900056383;0;1;0;0.0;0.0;1.0;1.0;B01
200900056471;0;1;0;0.0;2.0;3.0;1.0;B01
200900056478;0;1;0;0.0;2.0;4.0;0.0;B01
200900056480;0;1;0;0.0;0.0;3.0;15.0;B01
200900056514;0;1;0;0.0;2.0;1.0;1.0;B01
200900056518;0;1;0;2.0;0.0;1.0;0.0;A01
200900056527;0;1;0;0.0;2.0;1.0;1.0;A01
200900056528;0;1;0;0.0;2.0;7.0;19.0;B01
200900056536;0;1;0;0.0;2.0;4.0;1.0;B01
200900056542;0;1;0;0.0;2.0;4.0;19.0;B01
200900056562;0;1;0;0.0;0.0;0.0;19.0;A01
200900056564;0;1;0;0.0;2.0;4.0;16.0;B01
200900056578;0;1;0;0.0;2.0;4.0;1.0;B01
200900056610;0;1;0;0.0;2.0;1.0;16.0;B01
200900056620;0;1;0;0.0;2.0;1.0;1.0;B01
200900056625;0;1;0;0.0;2.0;1.0;1.0;B01
200900056628;0;1;0;0.0;2.0;1.0;1.0;B01
200900056644;0;1;0;0.0;2.0;8.0;1.0;A01
200900056648;0;1;0;0.0;2.0;4.0;13.0;A01
200900056648;0;1;0;0.0;2.0;4.0;1.0;B02
200900056656;0;1;0;0.0;2.0;2.0;1.0;A01
200900056667;0;1;0;0.0;2.0;7.0;1.0;B01
200900056690;0;1;0;0.0;0.0;0.0;0.0;B01
200900056691;0;1;0;0.0;2.0;2.0;1.0;B01
200900056699;0;1;0;0.0;2.0;7.0;1.0;B01
200900056703;0;1;0;0.0;2.0;4.0;1.0;B01
200900056704;0;1;0;0.0;2.0;1.0;1.0;B01
200900056711;0;1;0;0.0;2.0;4.0;11.0;B01
200900056719;0;1;0;0.0;2.0;1.0;0.0;B01
200900056722;0;1;0;0.0;2.0;3.0;19.0;B01
200900056744;0;1;0;0.0;2.0;1.0;1.0;B01
200900056759;0;1;0;0.0;2.0;8.0;1.0;A01
200900056781;0;1;0;0.0;0.0;1.0;1.0;B02
200900056821;0;1;0;0.0;2.0;8.0;1.0;B02
200900056825;0;1;0;0.0;0.0;4.0;2.0;B02
200900056835;0;1;0;0.0;2.0;4.0;1.0;C01
200900056848;0;1;0;0.0;2.0;8.0;1.0;C01
200900056856;0;1;0;0.0;2.0;1.0;0.0;A01
200900056877;0;1;0;0.0;2.0;4.0;1.0;B01
200900056959;0;1;0;0.0;2.0;0.0;1.0;B01
200900057019;0;1;0;0.0;0.0;2.0;0.0;B01
200900057218;0;1;0;0.0;2.0;9.0;1.0;A01
200900057251;0;1;0;0.0;2.0;1.0;19.0;B01
200900057255;0;1;0;0.0;0.0;1.0;1.0;B01
200900057292;0;1;0;0.0;0.0;6.0;13.0;B01
200900057344;0;1;0;1.0;2.0;4.0;9.0;B01
200900057431;0;1;0;0.0;2.0;6.0;1.0;B01
200900057446;0;1;0;0.0;2.0;8.0;19.0;B01
200900057448;0;1;0;0.0;2.0;3.0;1.0;B01
200900057472;0;1;0;0.0;2.0;8.0;1.0;B01
200900057477;0;1;0;0.0;0.0;4.0;2.0;A01
200900057525;0;1;0;0.0;2.0;4.0;2.0;A01
200900057545;0;1;0;0.0;0.0;8.0;1.0;B01
200900057652;0;1;0;0.0;2.0;1.0;1.0;B02
200900057751;0;1;0;0.0;2.0;1.0;1.0;B01
200900057795;0;1;0;0.0;1.0;1.0;9.0;A01
200900057850;0;1;0;0.0;2.0;1.0;17.0;A01
200900057942;0;1;0;0.0;2.0;1.0;1.0;B01
200900057965;0;1;0;0.0;2.0;8.0;1.0;A01
200900058001;0;1;0;0.0;2.0;8.0;2.0;B01
200900058007;0;1;0;0.0;2.0;4.0;2.0;A01
200900058152;0;1;0;0.0;2.0;1.0;1.0;A01
200900058172;0;1;0;0.0;0.0;0.0;2.0;B01
200900058229;0;1;0;0.0;2.0;1.0;0.0;A01
200900058242;0;1;0;0.0;2.0;7.0;1.0;B01
200900058248;0;1;0;0.0;2.0;0.0;19.0;B01
200900058342;0;1;0;0.0;2.0;8.0;19.0;B01
200900058427;0;1;0;0.0;2.0;4.0;1.0;B01
200900058471;0;1;0;0.0;2.0;3.0;1.0;B01
200900058525;0;1;0;0.0;2.0;1.0;16.0;B01
200900058593;0;1;0;0.0;2.0;0.0;1.0;B02
200900058604;0;1;0;0.0;2.0;1.0;19.0;A01
200900058653;0;1;0;0.0;2.0;4.0;1.0;B01
200900058707;0;1;0;0.0;2.0;8.0;2.0;B01
200900058721;0;1;0;0.0;0.0;1.0;0.0;B01
200900058728;0;1;0;0.0;2.0;0.0;0.0;A01
200900058742;0;1;0;6.0;0.0;1.0;14.0;A01
200900058766;0;1;0;0.0;2.0;8.0;1.0;B02
200900058778;0;1;0;0.0;0.0;4.0;1.0;B02
200900058778;0;1;0;0.0;0.0;4.0;1.0;C03
200900058825;0;1;0;0.0;2.0;1.0;15.0;A01
200900058882;0;1;0;0.0;1.0;1.0;0.0;A01
200900058922;0;1;0;0.0;2.0;1.0;1.0;B01
200900058927;0;1;0;0.0;2.0;0.0;15.0;B01
200900058928;0;1;0;0.0;2.0;8.0;14.0;B01
200900058990;0;1;0;0.0;0.0;0.0;0.0;A01
200900058993;0;1;0;0.0;0.0;8.0;1.0;B01
200900058999;0;1;0;0.0;0.0;0.0;0.0;A01
200900059029;0;1;0;0.0;2.0;6.0;1.0;B01
200900059033;0;1;0;0.0;2.0;4.0;0.0;B01
200900059040;0;1;0;2.0;0.0;0.0;0.0;A01
200900059041;0;1;0;0.0;2.0;1.0;0.0;A01
200900059044;0;1;0;0.0;2.0;4.0;0.0;B01
200900059064;0;1;0;0.0;2.0;1.0;0.0;B01
200900059078;0;1;0;0.0;2.0;4.0;1.0;B01
200900059079;0;1;0;0.0;2.0;8.0;1.0;B01
200900059108;0;1;0;0.0;2.0;1.0;1.0;A01
200900059110;0;1;0;0.0;2.0;8.0;15.0;A01
200900059111;0;1;0;0.0;0.0;1.0;13.0;A01
200900059130;0;1;0;0.0;2.0;7.0;15.0;B01
200900059180;0;1;0;0.0;2.0;1.0;1.0;B02
200900059207;0;1;0;0.0;2.0;2.0;1.0;A01
200900059209;0;1;0;0.0;2.0;3.0;15.0;B02
200900059260;0;1;0;0.0;2.0;4.0;1.0;B01
200900059300;0;1;0;0.0;2.0;1.0;2.0;A01
200900059309;0;1;0;1.0;0.0;1.0;1.0;B01
200900059314;0;1;0;0.0;2.0;2.0;2.0;A01
200900059320;0;1;0;0.0;2.0;4.0;2.0;B01
200900059323;0;1;0;0.0;2.0;1.0;13.0;B01
200900059358;0;1;0;0.0;0.0;2.0;19.0;A01
200900059361;0;1;0;0.0;2.0;8.0;19.0;B02
200900059381;0;1;0;0.0;2.0;1.0;1.0;B01
200900059384;0;1;0;0.0;2.0;1.0;1.0;B01
200900059412;0;1;0;1.0;2.0;1.0;1.0;A01
200900059456;0;1;0;0.0;2.0;0.0;0.0;B01
200900059482;0;1;0;0.0;2.0;6.0;15.0;A01
200900059516;0;1;0;9.0;1.0;1.0;1.0;A01
200900059548;0;1;0;0.0;2.0;8.0;13.0;A01
200900059550;0;1;0;0.0;2.0;8.0;1.0;B01
200900059551;0;1;0;0.0;2.0;2.0;1.0;B01
200900059593;0;1;0;0.0;2.0;8.0;5.0;A01
200900059599;0;1;0;0.0;2.0;1.0;9.0;B01
200900059602;0;1;0;0.0;2.0;1.0;19.0;B01
200900059615;0;1;0;0.0;2.0;1.0;1.0;A01
200900059666;0;1;0;0.0;0.0;0.0;1.0;B01
200900059751;0;1;0;0.0;2.0;2.0;21.0;B01
200900059758;0;1;0;0.0;2.0;0.0;0.0;A01
200900059770;0;1;0;0.0;2.0;1.0;1.0;B01
200900059774;0;1;0;1.0;0.0;1.0;1.0;A01
200900059775;0;1;0;0.0;2.0;1.0;19.0;B01
200900059806;0;1;0;0.0;2.0;4.0;15.0;B02
200900059810;0;1;0;0.0;2.0;8.0;16.0;B02
200900059817;0;1;0;0.0;0.0;1.0;13.0;B02
200900059825;0;1;0;0.0;0.0;3.0;2.0;B02
200900059887;0;1;0;0.0;1.0;1.0;1.0;A01
200900059894;0;1;0;0.0;2.0;1.0;1.0;B01
200900059954;0;1;0;0.0;0.0;4.0;1.0;B01
200900059965;0;1;0;0.0;2.0;8.0;2.0;B01
200900060008;0;1;0;0.0;0.0;4.0;2.0;B01
200900060010;0;1;0;0.0;2.0;2.0;0.0;A01
200900060011;0;1;0;0.0;2.0;1.0;5.0;A01
200900060012;0;1;0;0.0;2.0;1.0;1.0;B01