Num_Acc;senc;catv;occutc;obs;obsm;choc;manv;num_veh
200900060014;0;1;0;0.0;2.0;7.0;15.0;B01
200900060045;0;1;0;0.0;2.0;1.0;19.0;A01
200900060061;0;1;0;0.0;1.0;0.0;0.0;A01
200900060067;0;1;0;0.0;0.0;0.0;0.0;A01
200900060069;0;1;0;0.0;2.0;1.0;15.0;A01
200900060073;0;1;0;0.0;2.0;0.0;0.0;B01
200900060091;0;1;0;0.0;2.0;1.0;1.0;B01
200900060101;0;1;0;0.0;2.0;1.0;1.0;B02
200900060113;0;1;0;0.0;2.0;4.0;1.0;B02
200900060124;0;1;0;0.0;2.0;8.0;1.0;B02
200900060182;0;1;0;0.0;1.0;1.0;1.0;A01
200900060186;0;1;0;0.0;1.0;1.0;1.0;A01
200900060188;0;1;0;0.0;2.0;4.0;1.0;B01
200900060324;0;1;0;0.0;0.0;6.0;23.0;B01
200900060336;0;1;0;0.0;2.0;8.0;15.0;A01
200900060340;0;1;0;0.0;2.0;8.0;1.0;B01
200900060348;0;1;0;0.0;2.0;4.0;1.0;A01
200900060360;0;1;0;1.0;2.0;1.0;21.0;A01
200900060361;0;1;0;0.0;2.0;1.0;18.0;B01
200900060370;0;1;0;0.0;2.0;8.0;1.0;B01
200900060371;0;1;0;0.0;2.0;1.0;1.0;B01
200900060373;0;1;0;0.0;2.0;1.0;16.0;A01
200900060383;0;1;0;0.0;2.0;8.0;19.0;B01
200900060390;0;1;0;0.0;2.0;1.0;1.0;B01
200900060400;0;1;0;0.0;2.0;1.0;5.0;A01
200900060401;0;1;0;14.0;0.0;1.0;1.0;A01
200900060402;0;1;0;0.0;2.0;1.0;1.0;B01
200900060404;0;1;0;0.0;0.0;1.0;1.0;B01
200900060406;0;1;0;0.0;2.0;1.0;1.0;B01
200900060409;0;1;0;0.0;2.0;1.0;1.0;B01
200900060421;0;1;0;0.0;0.0;8.0;19.0;B02
200900060443;0;1;0;0.0;2.0;1.0;1.0;A01
200900060461;0;1;0;0.0;2.0;8.0;0.0;B02
200900060476;0;1;0;0.0;2.0;1.0;2.0;B01
200900060490;0;1;0;0.0;1.0;1.0;1.0;A01
200900060498;0;1;0;0.0;2.0;1.0;1.0;B01
200900060499;0;1;0;0.0;2.0;1.0;9.0;A01
200900060500;0;1;0;0.0;2.0;8.0;19.0;B01
200900060511;0;1;0;0.0;2.0;0.0;0.0;B01
200900060559;0;1;0;0.0;2.0;1.0;1.0;A01
200900060567;0;1;0;13.0;0.0;1.0;1.0;A01
200900060580;0;1;0;0.0;2.0;1.0;1.0;B01
200900060622;0;1;0;0.0;2.0;1.0;1.0;B01
200900060636;0;1;0;0.0;2.0;0.0;1.0;B01
200900060639;0;1;0;;;;;B02
200900060639;0;1;0;;;;;A01
200900060668;0;1;0;0.0;0.0;4.0;13.0;A01
200900060718;0;1;0;0.0;2.0;1.0;1.0;B01
200900060730;0;1;0;0.0;2.0;3.0;19.0;B01
200900060731;0;1;0;0.0;2.0;1.0;9.0;B01
200900060749;0;1;0;0.0;2.0;7.0;19.0;B01
200900060751;0;1;0;0.0;1.0;8.0;6.0;A01
200900060757;0;1;0;;;;;A01
200900060758;0;1;0;14.0;9.0;1.0;2.0;A01
200900060760;0;1;0;0.0;2.0;1.0;1.0;B01
200900060773;0;1;0;0.0;2.0;8.0;17.0;B02
200900060787;0;1;0;0.0;2.0;4.0;17.0;B02
200900060798;0;1;0;0.0;2.0;4.0;15.0;B02
200900060822;0;1;0;0.0;2.0;8.0;1.0;B01
200900060826;0;1;0;0.0;2.0;1.0;9.0;B01
200900060851;0;1;0;3.0;2.0;4.0;16.0;B01
200900060862;0;1;0;0.0;2.0;7.0;15.0;B02
200900060871;0;1;0;0.0;2.0;4.0;1.0;B02
200900060873;0;1;0;0.0;2.0;1.0;1.0;B02
200900060874;0;1;0;0.0;2.0;1.0;1.0;B02
200900060884;0;1;0;0.0;2.0;0.0;2.0;B01
200900060887;0;1;0;0.0;2.0;8.0;2.0;B01
200900060890;0;1;0;0.0;2.0;4.0;19.0;B01
200900060907;0;1;0;0.0;2.0;8.0;19.0;B01
200900060920;0;1;0;0.0;2.0;1.0;0.0;B01
200900060927;0;1;0;0.0;0.0;0.0;1.0;B01
200900060930;0;1;0;0.0;0.0;0.0;0.0;B01
200900060945;0;1;0;0.0;2.0;1.0;19.0;B01
200900060949;0;1;0;0.0;2.0;7.0;19.0;A01
200900060954;0;1;0;0.0;9.0;0.0;1.0;B01
200900060956;0;1;0;0.0;2.0;1.0;1.0;B01
200900061009;0;1;0;0.0;0.0;0.0;1.0;A01
200900061014;0;1;0;0.0;2.0;8.0;1.0;C01
200900061014;0;1;0;0.0;2.0;8.0;1.0;B01
200900061034;0;1;0;0.0;2.0;8.0;15.0;B02
200900061044;0;1;0;0.0;2.0;1.0;1.0;B01
200900061078;0;1;0;0.0;2.0;8.0;1.0;A01
200900061103;0;1;0;0.0;2.0;1.0;9.0;A01
200900061104;0;1;0;0.0;0.0;4.0;1.0;B02
200900061163;0;1;0;0.0;2.0;7.0;13.0;B01
200900061202;0;1;0;0.0;2.0;0.0;0.0;B02
200900061205;0;1;0;0.0;2.0;8.0;1.0;B02
200900061210;0;1;0;0.0;2.0;0.0;0.0;B01
200900061252;0;1;0;0.0;2.0;7.0;19.0;A01
200900061301;0;1;0;0.0;2.0;8.0;19.0;A01
200900061307;0;1;0;0.0;2.0;1.0;19.0;A01
200900061315;0;1;0;0.0;2.0;1.0;1.0;B02
200900061330;0;1;0;0.0;2.0;2.0;15.0;B02
200900061332;0;1;0;0.0;2.0;1.0;2.0;A01
200900061341;0;1;0;0.0;2.0;1.0;13.0;A02
200900061341;0;1;0;0.0;2.0;3.0;19.0;A01
200900061343;0;1;0;0.0;2.0;4.0;2.0;B02
200900061359;0;1;0;0.0;2.0;8.0;1.0;A01
200900061375;0;1;0;0.0;2.0;4.0;1.0;B01
200900061379;0;1;0;0.0;2.0;1.0;2.0;A01
200900061413;0;1;0;0.0;2.0;8.0;1.0;B01
200900061415;0;1;0;0.0;2.0;7.0;19.0;B01
200900061416;0;1;0;0.0;2.0;1.0;1.0;B01
200900061421;0;1;0;0.0;2.0;7.0;1.0;B01
200900061430;0;1;0;0.0;2.0;7.0;5.0;B02
200900061439;0;1;0;0.0;2.0;0.0;1.0;A01
200900061492;0;1;0;0.0;2.0;1.0;1.0;A01
200900061544;0;1;0;0.0;2.0;1.0;15.0;B01
200900061547;0;1;0;0.0;2.0;4.0;1.0;B01
200900061560;0;1;0;0.0;2.0;8.0;19.0;B01
200900061585;0;1;0;0.0;2.0;0.0;1.0;B01
200900061636;0;1;0;0.0;;7.0;1.0;B01
200900061642;0;1;0;0.0;2.0;8.0;19.0;B01
200900061652;0;1;0;0.0;0.0;0.0;1.0;A01
200900061661;0;1;0;0.0;2.0;8.0;9.0;A01
200900061663;0;1;0;0.0;2.0;1.0;1.0;B01
200900061666;0;1;0;0.0;2.0;7.0;1.0;B01
200900061668;0;1;0;0.0;0.0;0.0;0.0;B02
200900061670;0;1;0;0.0;2.0;1.0;1.0;B02
200900061713;0;1;0;0.0;2.0;1.0;1.0;A01
200900061724;0;1;0;0.0;0.0;1.0;0.0;A01
200900061728;0;1;0;0.0;0.0;0.0;19.0;B01
200900061744;0;1;0;0.0;2.0;8.0;2.0;B01
200900061755;0;1;0;0.0;2.0;8.0;0.0;B02
200900061758;0;1;0;0.0;2.0;1.0;1.0;B01
200900061770;0;1;0;0.0;2.0;3.0;1.0;B02
200900061780;0;1;0;0.0;2.0;0.0;1.0;A01
200900061789;0;1;0;0.0;2.0;0.0;9.0;A01
200900061791;0;1;0;0.0;0.0;0.0;1.0;B01
200900061870;0;1;0;0.0;2.0;3.0;1.0;B01
200900061910;0;1;0;0.0;2.0;4.0;1.0;A01
200900061936;0;1;0;0.0;2.0;1.0;1.0;B01
200900061941;0;1;0;0.0;0.0;8.0;1.0;B01
200900061954;0;1;0;0.0;2.0;8.0;1.0;B01
200900061956;0;1;0;2.0;0.0;1.0;1.0;B01
200900061966;0;1;0;0.0;2.0;8.0;19.0;B01
200900061977;0;1;0;0.0;0.0;0.0;0.0;A01
200900061984;0;1;0;0.0;0.0;4.0;0.0;A01
200900062030;0;1;0;0.0;2.0;7.0;2.0;B01
200900062061;0;1;0;0.0;2.0;7.0;5.0;B02
200900062080;0;1;0;0.0;2.0;4.0;2.0;B02
200900062143;0;1;0;0.0;2.0;8.0;1.0;B01
200900062154;0;1;0;0.0;2.0;1.0;19.0;B01
200900062156;0;1;0;0.0;2.0;1.0;19.0;B01
200900062171;0;1;0;0.0;0.0;5.0;1.0;B01
200900062178;0;1;0;0.0;2.0;3.0;1.0;B01
200900062187;0;1;0;0.0;2.0;7.0;9.0;A01
200900062193;0;1;0;1.0;0.0;1.0;1.0;B01
200900062232;0;1;0;0.0;2.0;0.0;1.0;B01
200900062241;0;1;0;0.0;2.0;1.0;0.0;B01
200900062258;0;1;0;0.0;2.0;1.0;1.0;B01
200900062271;0;1;0;0.0;2.0;1.0;1.0;B01
200900062280;0;1;0;0.0;2.0;0.0;19.0;B01
200900062282;0;1;0;0.0;2.0;0.0;19.0;B01
200900062309;0;1;0;0.0;2.0;4.0;1.0;B01
200900062330;0;1;0;0.0;2.0;0.0;2.0;B01
200900062340;0;1;0;0.0;2.0;4.0;1.0;B01
200900062354;0;1;0;0.0;2.0;1.0;7.0;B01
200900062355;0;1;0;0.0;9.0;1.0;0.0;B01
200900062365;0;1;0;0.0;0.0;0.0;0.0;B01
200900062375;0;1;0;0.0;2.0;1.0;1.0;A01
200900062376;0;1;0;0.0;2.0;8.0;1.0;B01
200900062382;0;1;0;0.0;2.0;0.0;13.0;B01
200900062405;0;1;0;0.0;2.0;7.0;5.0;B01
200900062413;0;1;0;0.0;2.0;1.0;1.0;C01
200900062423;0;1;0;0.0;0.0;1.0;1.0;B01
200900062442;0;1;0;0.0;2.0;1.0;1.0;B01
200900062449;0;1;0;0.0;2.0;7.0;2.0;B01
200900062466;0;1;0;1.0;0.0;1.0;1.0;B01
200900062477;0;1;0;0.0;1.0;2.0;1.0;A01
200900062481;0;1;0;0.0;0.0;0.0;0.0;B01
200900062512;0;1;0;0.0;2.0;0.0;14.0;A01
200900062517;0;1;0;0.0;2.0;7.0;1.0;A01
200900062520;0;1;0;0.0;0.0;0.0;1.0;B01
200900062526;0;1;0;0.0;2.0;2.0;19.0;B01
200900062535;0;1;0;0.0;2.0;1.0;15.0;B01
200900062542;0;1;0;0.0;2.0;2.0;1.0;B01
200900062552;0;1;0;0.0;2.0;1.0;19.0;A01
200900062573;0;1;0;0.0;1.0;1.0;17.0;A01
200900062587;0;1;0;0.0;0.0;4.0;1.0;B02
200900062659;0;1;0;0.0;2.0;1.0;1.0;B01
200900062660;0;1;0;0.0;2.0;1.0;19.0;B01
200900062675;0;1;0;0.0;2.0;1.0;19.0;B01
200900062682;0;1;0;0.0;2.0;1.0;1.0;B01
200900062764;0;1;0;0.0;2.0;8.0;19.0;A01
200900062768;0;1;0;0.0;2.0;8.0;1.0;B01
200900062778;0;1;0;1.0;0.0;1.0;1.0;B01
200900062785;0;1;0;0.0;2.0;5.0;16.0;A01
200900062790;0;1;0;0.0;2.0;8.0;19.0;B01
200900062800;0;1;0;0.0;2.0;4.0;2.0;B01
200900062824;0;1;0;0.0;2.0;8.0;13.0;A01
200900062829;0;1;0;1.0;0.0;1.0;1.0;B01
200900062881;0;1;0;0.0;2.0;4.0;1.0;B01
200900062894;0;1;0;8.0;0.0;1.0;21.0;B01
200900062905;0;1;0;0.0;2.0;8.0;19.0;B01
200900062907;0;1;0;0.0;2.0;8.0;19.0;B01
200900062910;0;1;0;0.0;2.0;1.0;16.0;B01
200900062955;0;1;0;0.0;2.0;2.0;1.0;B01
200900062957;0;1;0;0.0;2.0;5.0;19.0;B01
200900062968;0;1;0;0.0;2.0;1.0;1.0;B01
200900062992;0;1;0;0.0;2.0;4.0;1.0;B02
200900063002;0;1;0;0.0;2.0;0.0;1.0;B01
200900063012;0;1;0;0.0;2.0;3.0;1.0;B01
200900063056;0;1;0;0.0;2.0;1.0;1.0;B01
200900063068;0;1;0;0.0;1.0;1.0;1.0;A01
200900063174;0;1;0;0.0;0.0;8.0;1.0;A01
200900063177;0;1;0;1.0;0.0;7.0;21.0;B01
200900063183;0;1;0;0.0;2.0;8.0;1.0;B01
200900063208;0;1;0;0.0;0.0;1.0;1.0;B01
200900063228;0;1;0;0.0;1.0;3.0;0.0;A01
200900063257;0;1;0;0.0;2.0;1.0;1.0;B01
200900063265;0;1;0;0.0;0.0;1.0;0.0;A01
200900063272;0;1;0;0.0;2.0;0.0;19.0;B01
200900063315;0;1;0;0.0;2.0;4.0;2.0;B01
200900063405;0;1;0;0.0;2.0;1.0;1.0;B01
200900063449;0;1;0;0.0;0.0;0.0;1.0;B01
200900063456;0;1;0;0.0;2.0;4.0;1.0;B01
200900063467;0;1;0;0.0;2.0;0.0;17.0;A01
200900063483;0;1;0;0.0;2.0;1.0;1.0;B01
200900063534;0;1;0;1.0;0.0;1.0;1.0;A01
200900063567;0;1;0;0.0;2.0;1.0;1.0;B01
200900063574;0;1;0;0.0;2.0;1.0;1.0;B01
200900063582;0;1;0;0.0;2.0;8.0;1.0;B01
200900063583;0;1;0;0.0;2.0;0.0;1.0;B01
200900063638;0;1;0;0.0;2.0;9.0;1.0;B01
200900063668;0;1;0;0.0;2.0;7.0;15.0;A01
200900063691;0;1;0;0.0;2.0;2.0;1.0;B01
200900063708;0;1;0;0.0;2.0;1.0;1.0;B01
200900063710;0;1;0;0.0;2.0;1.0;21.0;B01
200900063715;0;1;0;0.0;0.0;0.0;1.0;A01
200900063716;0;1;0;0.0;2.0;1.0;1.0;B01
200900063762;0;1;0;0.0;2.0;0.0;0.0;B02
200900063768;0;1;0;0.0;2.0;1.0;13.0;A01
200900063774;0;1;0;0.0;0.0;0.0;0.0;B01
200900063790;0;1;0;0.0;2.0;7.0;15.0;B02
200900063793;0;1;0;0.0;2.0;1.0;13.0;B02
200900063797;0;1;0;0.0;2.0;1.0;1.0;B02
200900063816;0;1;0;0.0;1.0;1.0;1.0;A01
200900063817;0;1;0;0.0;2.0;1.0;1.0;B01
200900063833;0;1;0;1.0;0.0;1.0;1.0;A01
200900063834;0;1;0;0.0;0.0;0.0;0.0;B01
200900063838;0;1;0;0.0;2.0;8.0;23.0;D01
200900063847;0;1;0;0.0;2.0;1.0;1.0;A01
200900063849;0;1;0;0.0;2.0;7.0;1.0;B01
200900063850;0;1;0;0.0;2.0;1.0;1.0;B01
200900063862;0;1;0;0.0;2.0;7.0;19.0;B01
200900063919;0;1;0;0.0;2.0;1.0;2.0;B01
200900063951;0;1;0;0.0;2.0;8.0;19.0;B01
200900063954;0;1;0;0.0;0.0;0.0;0.0;B02
200900063969;0;1;0;0.0;2.0;4.0;1.0;A01
200900064018;0;1;0;0.0;2.0;1.0;1.0;B01
200900064024;0;1;0;0.0;2.0;1.0;1.0;A01
200900064029;0;1;0;0.0;2.0;1.0;15.0;A01
200900064031;0;1;0;0.0;2.0;7.0;1.0;B01
200900064036;0;1;0;0.0;2.0;4.0;1.0;A01
200900064056;0;1;0;0.0;0.0;8.0;15.0;B02
200900064057;0;1;0;0.0;2.0;1.0;13.0;B02
200900064088;0;1;0;0.0;2.0;1.0;1.0;B01
200900064089;0;1;0;0.0;0.0;4.0;1.0;B01
200900064093;0;1;0;0.0;2.0;1.0;5.0;A01
200900064098;0;1;0;0.0;2.0;1.0;1.0;B01
200900064101;0;1;0;0.0;2.0;8.0;11.0;B01
200900064112;0;1;0;0.0;2.0;1.0;2.0;A01
200900064117;0;1;0;0.0;2.0;1.0;19.0;A01
200900064132;0;1;0;0.0;2.0;1.0;1.0;B01
200900064152;0;1;0;1.0;0.0;1.0;1.0;B01
200900064162;0;1;0;0.0;0.0;0.0;0.0;B02
200900064180;0;1;0;0.0;2.0;3.0;16.0;A01
200900064196;0;1;0;0.0;2.0;1.0;1.0;A01
200900064197;0;1;0;0.0;2.0;1.0;1.0;B01
200900064303;0;1;0;0.0;2.0;1.0;1.0;B01
200900064321;0;1;0;0.0;2.0;1.0;0.0;B01
200900064322;0;1;0;0.0;2.0;8.0;1.0;B01
200900064372;0;1;0;0.0;2.0;4.0;19.0;B02
200900064386;0;1;0;6.0;0.0;8.0;1.0;B01
200900064406;0;1;0;0.0;2.0;1.0;5.0;A01
200900064418;0;1;0;0.0;2.0;1.0;1.0;A01
200900064423;0;1;0;0.0;2.0;1.0;0.0;A01
200900064432;0;1;0;0.0;0.0;7.0;1.0;A01
200900064445;0;1;0;0.0;2.0;0.0;0.0;B01
200900064447;0;1;0;0.0;2.0;1.0;1.0;B01
200900064463;0;1;0;0.0;2.0;7.0;1.0;B01
200900064536;0;1;0;0.0;2.0;1.0;1.0;B01
200900064541;0;1;0;0.0;2.0;1.0;15.0;B01
200900064559;0;1;0;0.0;2.0;6.0;2.0;B02
200900064559;0;1;0;0.0;2.0;4.0;2.0;C03
200900064573;0;1;0;0.0;2.0;1.0;1.0;B01
200900064576;0;1;0;0.0;1.0;0.0;0.0;A01
200900064582;0;1;0;0.0;2.0;8.0;9.0;A01
200900064586;0;1;0;0.0;2.0;1.0;1.0;B01
200900064594;0;1;0;0.0;2.0;1.0;1.0;B01
200900064595;0;1;0;0.0;2.0;1.0;1.0;B01
200900064598;0;1;0;0.0;2.0;3.0;0.0;A01
200900064622;0;1;0;0.0;2.0;8.0;2.0;B02
200900064623;0;1;0;0.0;2.0;1.0;1.0;D04
200900064623;0;1;0;0.0;0.0;0.0;0.0;C03
200900064636;0;1;0;0.0;2.0;0.0;1.0;A01
200900064661;0;1;0;0.0;2.0;7.0;2.0;B01
200900064662;0;1;0;0.0;2.0;8.0;2.0;B01
200900064705;0;1;0;0.0;2.0;0.0;19.0;B01
200900064711;0;1;0;0.0;2.0;7.0;1.0;B01
200900064738;0;1;0;0.0;2.0;4.0;15.0;B01
200900064751;0;1;0;1.0;0.0;1.0;1.0;B01
200900064804;0;1;0;0.0;2.0;6.0;5.0;A01
200900064805;0;1;0;0.0;2.0;1.0;13.0;A01
200900064818;0;1;0;0.0;2.0;1.0;1.0;B01
200900064830;0;1;0;0.0;2.0;1.0;1.0;B01
200900064836;0;1;0;0.0;0.0;1.0;5.0;A01
200900064837;0;1;0;0.0;2.0;1.0;1.0;B01
200900064845;0;1;0;0.0;2.0;8.0;1.0;B02
200900064850;0;1;0;0.0;2.0;1.0;19.0;B02
200900064863;0;1;0;0.0;0.0;4.0;15.0;B02
200900064864;0;1;0;0.0;9.0;1.0;1.0;A01
200900064888;0;1;0;0.0;2.0;0.0;1.0;A01
200900064900;0;1;0;0.0;2.0;1.0;19.0;A01
200900064906;0;1;0;0.0;0.0;1.0;1.0;A01
200900064926;0;1;0;0.0;0.0;7.0;1.0;B02
200900064934;0;1;0;0.0;2.0;6.0;19.0;B02
200900064942;0;1;0;14.0;0.0;0.0;2.0;A01
200900064946;0;1;0;1.0;0.0;1.0;1.0;B01
200900064955;0;1;0;0.0;2.0;1.0;1.0;B01
200900064965;0;1;0;0.0;2.0;1.0;19.0;A01
200900064967;0;1;0;0.0;2.0;7.0;1.0;A01
200900064969;0;1;0;0.0;2.0;1.0;19.0;B01
200900064975;0;1;0;0.0;2.0;1.0;1.0;B01
200900064982;0;1;0;0.0;2.0;7.0;1.0;A01
200900065007;0;1;0;0.0;2.0;1.0;1.0;B01
200900065007;0;1;0;0.0;2.0;1.0;1.0;A01
200900065013;0;1;0;0.0;2.0;1.0;1.0;B01
200900065019;0;1;0;0.0;0.0;0.0;1.0;A01
200900065024;0;1;0;0.0;2.0;1.0;16.0;B01
200900065029;0;1;0;0.0;2.0;0.0;2.0;B01
200900065037;0;1;0;0.0;2.0;1.0;19.0;A01
200900065038;0;1;0;0.0;2.0;1.0;1.0;A01
200900065045;0;1;0;0.0;0.0;0.0;1.0;A01
200900065053;0;1;0;0.0;0.0;0.0;1.0;B01
200900065057;0;1;0;0.0;2.0;1.0;1.0;B01
200900065061;0;1;0;0.0;0.0;1.0;16.0;A01
200900065065;0;1;0;0.0;2.0;1.0;1.0;B01
200900065067;0;1;0;1.0;0.0;1.0;1.0;A01
200900065081;0;1;0;0.0;2.0;7.0;1.0;B02
200900065103;0;1;0;0.0;2.0;1.0;1.0;A01
200900065108;0;1;0;0.0;1.0;2.0;15.0;A01
200900065112;0;1;0;0.0;0.0;0.0;1.0;A01
200900065121;0;1;0;0.0;2.0;8.0;15.0;B01
200900065149;0;1;0;0.0;2.0;1.0;1.0;B01
200900065156;0;1;0;0.0;2.0;4.0;2.0;B02
200900065162;0;1;0;0.0;2.0;7.0;1.0;A01
200900065172;0;1;0;0.0;2.0;1.0;5.0;A01
200900065180;0;1;0;0.0;0.0;1.0;1.0;A01
200900065183;0;1;0;0.0;2.0;4.0;1.0;B01
200900065217;0;1;0;0.0;2.0;8.0;2.0;B02
200900065219;0;1;0;0.0;0.0;2.0;1.0;B02
200900065260;0;1;0;0.0;2.0;0.0;1.0;B01
200900065361;0;1;0;0.0;2.0;1.0;1.0;B01
200900065389;0;1;0;0.0;2.0;1.0;1.0;B02
200900065396;0;1;0;0.0;2.0;1.0;1.0;B02
200900065396;0;1;0;0.0;2.0;1.0;1.0;C03
200900065415;0;1;0;0.0;0.0;0.0;0.0;A01
200900065426;0;1;0;0.0;2.0;9.0;1.0;C01
200900065426;0;1;0;0.0;2.0;4.0;1.0;B01
200900065436;0;1;0;0.0;0.0;0.0;1.0;A01
200900065449;0;1;0;0.0;0.0;0.0;0.0;B01
200900065451;0;1;0;0.0;2.0;8.0;1.0;C03
200900065457;1;1;0;0.0;1.0;0.0;0.0;A01
200900065530;0;1;0;0.0;2.0;0.0;1.0;B01
200900065582;0;1;0;0.0;1.0;1.0;1.0;A01
200900065594;0;1;0;0.0;1.0;0.0;1.0;A01
200900065595;0;1;0;0.0;2.0;1.0;1.0;A01
200900065596;0;1;0;0.0;2.0;1.0;5.0;A01
200900065624;0;1;0;0.0;2.0;0.0;11.0;B01
200900065629;0;1;0;0.0;2.0;4.0;15.0;B01
200900065656;0;1;0;0.0;2.0;8.0;15.0;B02
200900065658;0;1;0;0.0;2.0;7.0;1.0;B02
200900065661;0;1;0;0.0;2.0;4.0;1.0;B01
200900065666;0;1;0;0.0;2.0;1.0;1.0;B01
200900065676;0;1;0;0.0;2.0;1.0;1.0;B01
200900065677;0;1;0;0.0;2.0;2.0;1.0;B01
200900065680;0;1;0;0.0;2.0;1.0;5.0;B01
200900065680;0;1;0;0.0;2.0;1.0;5.0;A01
200900065682;0;1;0;0.0;2.0;1.0;19.0;A01
200900065716;0;1;0;0.0;2.0;8.0;19.0;B01
200900065733;0;1;0;0.0;2.0;8.0;15.0;A01
200900065755;0;1;0;0.0;2.0;3.0;1.0;B02
200900065761;0;1;0;0.0;0.0;0.0;0.0;A01
200900065823;0;1;0;0.0;2.0;6.0;1.0;B01
200900065838;0;1;0;0.0;0.0;8.0;2.0;B01
200900065848;0;1;0;0.0;2.0;8.0;5.0;A01
200900065862;0;1;0;0.0;2.0;2.0;19.0;B01
200900065870;0;1;0;0.0;2.0;1.0;1.0;B01
200900065880;0;1;0;0.0;2.0;1.0;7.0;A01
200900065890;0;1;0;0.0;2.0;1.0;1.0;B01
200900065976;0;1;0;0.0;2.0;7.0;16.0;A01
200900065988;0;1;0;0.0;2.0;1.0;1.0;B01
200900065997;0;1;0;0.0;2.0;7.0;2.0;B01
200900066012;0;1;0;0.0;2.0;1.0;19.0;A01
200900066031;0;1;0;0.0;2.0;8.0;17.0;B01
200900066046;0;1;0;0.0;2.0;3.0;19.0;B01
200900066048;0;1;0;0.0;2.0;1.0;1.0;A01
200900066061;0;1;0;0.0;2.0;1.0;2.0;B01
200900066084;0;1;0;0.0;2.0;1.0;16.0;A01
200900066134;0;1;0;6.0;0.0;1.0;1.0;A01
200900066141;0;1;0;0.0;1.0;1.0;1.0;A01
200900066146;0;1;0;1.0;0.0;7.0;21.0;B01
200900066156;0;1;0;0.0;2.0;7.0;1.0;B01
200900066193;0;1;0;0.0;2.0;3.0;16.0;B01
200900066240;0;1;0;0.0;0.0;8.0;19.0;B01
200900066277;0;1;0;8.0;0.0;1.0;1.0;A01
200900066287;0;1;0;0.0;2.0;1.0;1.0;B01
200900066336;0;1;0;0.0;2.0;1.0;1.0;B01
200900066367;0;1;0;0.0;0.0;0.0;0.0;A01
200900066414;0;1;0;0.0;2.0;1.0;18.0;B01
200900066417;0;1;0;0.0;2.0;1.0;1.0;B01
200900066449;0;1;0;0.0;2.0;1.0;1.0;B01
200900066452;0;1;0;0.0;2.0;8.0;1.0;B01
200900066470;0;1;0;0.0;2.0;7.0;2.0;B01
200900066473;0;1;0;0.0;2.0;1.0;1.0;B01
200900066480;0;1;0;0.0;2.0;1.0;2.0;A01
200900066482;0;1;0;0.0;2.0;1.0;19.0;A01
200900066486;0;1;0;0.0;2.0;7.0;15.0;B01
200900066488;0;1;0;0.0;2.0;8.0;19.0;B01
200900066505;0;1;0;0.0;2.0;8.0;19.0;B01
200900066510;0;1;0;0.0;2.0;7.0;1.0;B01
200900066525;0;1;0;0.0;2.0;1.0;5.0;B01
200900066550;0;1;0;0.0;2.0;1.0;2.0;B02
200900066558;0;1;0;0.0;2.0;1.0;1.0;B02
200900066569;0;1;0;0.0;2.0;1.0;13.0;B02
200900066583;0;1;0;0.0;2.0;8.0;1.0;B01
200900066589;0;1;0;0.0;2.0;7.0;1.0;B01
200900066590;0;1;0;0.0;2.0;1.0;15.0;B01
200900066600;0;1;0;0.0;2.0;7.0;15.0;B02
200900066632;0;1;0;0.0;2.0;8.0;19.0;B01
200900066633;0;1;0;0.0;2.0;1.0;19.0;B01
200900066639;0;1;0;0.0;2.0;1.0;15.0;A01
200900066647;0;1;0;1.0;0.0;1.0;1.0;B01
200900066679;0;1;0;0.0;2.0;1.0;13.0;A01
200900066682;0;1;0;0.0;0.0;0.0;1.0;A01
200900066706;0;1;0;0.0;2.0;1.0;0.0;B01
200900066731;0;1;0;0.0;4.0;7.0;19.0;B01
200900066749;0;1;0;0.0;0.0;1.0;1.0;B02
200900066797;0;1;0;0.0;2.0;1.0;1.0;B02
200900066801;0;1;0;0.0;2.0;8.0;1.0;B02
200900066807;0;1;0;0.0;2.0;6.0;2.0;A01
200900066817;0;1;0;0.0;2.0;6.0;1.0;B02
200900066823;0;1;0;6.0;0.0;1.0;1.0;A01
200900066833;0;1;0;0.0;2.0;7.0;1.0;B01
200900066837;0;1;0;0.0;2.0;1.0;1.0;B01
200900066840;0;1;0;0.0;2.0;1.0;1.0;A01
200900066844;0;1;0;0.0;2.0;1.0;1.0;B01
200900066859;0;1;0;0.0;0.0;4.0;2.0;B01
200900066877;0;1;0;0.0;0.0;0.0;2.0;B01
200900066883;0;1;0;0.0;1.0;1.0;1.0;A01
200900066887;0;1;0;0.0;0.0;0.0;0.0;A01
200900066941;0;1;0;0.0;0.0;6.0;15.0;B01
200900066944;0;1;0;0.0;2.0;8.0;2.0;B01
200900066951;0;1;0;0.0;2.0;8.0;1.0;B02
200900066952;0;1;0;0.0;2.0;8.0;1.0;B02
200900066961;0;1;0;0.0;0.0;4.0;1.0;B02