Num_Acc;senc;catv;occutc;obs;obsm;choc;manv;num_veh
200900066970;0;1;0;0.0;0.0;4.0;1.0;B02
200900066977;0;1;0;0.0;2.0;1.0;1.0;B02
200900067026;0;1;0;0.0;2.0;8.0;1.0;A01
200900067046;0;1;0;12.0;0.0;8.0;1.0;B02
200900067059;0;1;0;0.0;2.0;0.0;1.0;B02
200900067070;0;1;0;0.0;2.0;1.0;1.0;A01
200900067082;0;1;0;0.0;2.0;9.0;17.0;A01
200900067095;0;1;0;0.0;9.0;1.0;0.0;A01
200900067101;0;1;0;0.0;2.0;8.0;1.0;B01
200900067103;0;1;0;0.0;2.0;1.0;1.0;B01
200900067127;0;1;0;0.0;2.0;3.0;1.0;B02
200900067145;0;1;0;0.0;0.0;6.0;2.0;B01
200900067165;0;1;0;0.0;2.0;1.0;1.0;B01
200900067175;0;1;0;0.0;1.0;0.0;0.0;A01
200900067197;0;1;0;0.0;2.0;4.0;2.0;B01
200900067293;0;1;0;0.0;1.0;1.0;1.0;A01
200900067309;0;1;0;0.0;2.0;1.0;5.0;A01
200900067371;0;1;0;0.0;2.0;1.0;1.0;B01
200900067375;0;1;0;0.0;2.0;1.0;0.0;C01
200900067419;0;1;0;0.0;2.0;1.0;1.0;B02
200900067438;0;1;0;0.0;0.0;4.0;1.0;B01
200900067489;0;1;0;0.0;2.0;1.0;1.0;B02
200900067490;0;1;0;0.0;2.0;1.0;1.0;A01
200900067506;0;1;0;0.0;2.0;1.0;1.0;B01
200900067509;0;1;0;0.0;2.0;6.0;1.0;B01
200900067525;0;1;0;0.0;2.0;4.0;13.0;B01
200900067646;0;1;0;0.0;2.0;1.0;0.0;A01
200900067656;0;1;0;0.0;2.0;4.0;1.0;B01
200900067664;0;1;0;0.0;2.0;7.0;1.0;B01
200900067702;0;1;0;0.0;2.0;1.0;1.0;B02
200900067742;0;1;0;0.0;0.0;0.0;1.0;A01
200900067768;0;1;0;0.0;2.0;4.0;1.0;B01
200900067773;0;1;0;0.0;2.0;1.0;7.0;B01
200900067781;0;1;0;1.0;0.0;1.0;1.0;B01
200900067790;0;1;0;0.0;2.0;7.0;1.0;A01
200900067804;0;1;0;0.0;2.0;8.0;1.0;B01
200900067841;0;1;0;0.0;2.0;1.0;1.0;B01
200900067876;0;1;0;0.0;2.0;1.0;0.0;B01
200900067947;0;1;0;0.0;2.0;4.0;2.0;B01
200900067951;0;1;0;0.0;2.0;1.0;17.0;B01
200900068049;0;1;0;0.0;0.0;0.0;0.0;A01
200900068066;0;1;0;0.0;2.0;1.0;1.0;B01
200900068107;0;1;0;0.0;2.0;4.0;2.0;B01
200900068164;0;1;0;0.0;0.0;8.0;1.0;B01
200900068183;0;1;0;0.0;2.0;0.0;0.0;B01
200900068211;1;1;0;0.0;0.0;0.0;0.0;A01
200900068267;0;1;0;0.0;9.0;1.0;0.0;B01
200900068278;0;1;0;14.0;0.0;1.0;1.0;A01
200900068288;0;1;0;0.0;9.0;1.0;2.0;A01
200900068325;0;1;0;0.0;2.0;1.0;19.0;A01
200900068333;0;1;0;0.0;2.0;7.0;15.0;B01
200900068334;0;1;0;0.0;2.0;8.0;1.0;B01
200900068336;0;1;0;1.0;0.0;1.0;1.0;B01
200900068337;0;1;0;0.0;0.0;0.0;2.0;A01
200900068354;0;1;0;0.0;0.0;8.0;1.0;B02
200900068361;0;1;0;8.0;0.0;1.0;1.0;A01
200900068371;0;1;0;0.0;2.0;1.0;1.0;B02
200900068388;0;1;0;0.0;2.0;0.0;1.0;A01
200900068419;0;1;0;16.0;0.0;1.0;1.0;B01
200900068422;0;1;0;0.0;2.0;1.0;1.0;A01
200900068427;0;1;0;0.0;2.0;1.0;11.0;A01
200900068429;0;1;0;0.0;0.0;3.0;2.0;B01
200900068457;0;1;0;0.0;2.0;1.0;21.0;B02
200900068472;0;1;0;0.0;2.0;1.0;15.0;B02
200900068499;0;1;0;0.0;2.0;1.0;1.0;B02
200900068530;0;1;0;0.0;0.0;4.0;1.0;B01
200900068537;0;1;0;0.0;1.0;4.0;2.0;A01
200900068538;0;1;0;0.0;0.0;4.0;2.0;B01
200900068555;0;1;0;0.0;2.0;1.0;1.0;B01
200900068560;0;1;0;0.0;2.0;0.0;1.0;B01
200900068588;0;1;0;0.0;2.0;0.0;0.0;B01
200900068621;0;1;0;9.0;2.0;7.0;1.0;B01
200900068671;0;1;0;0.0;2.0;1.0;9.0;B01
200900068721;0;1;0;0.0;0.0;6.0;3.0;A01
200900068755;0;1;0;0.0;0.0;0.0;0.0;A01
200900068755;0;1;0;0.0;0.0;0.0;0.0;B01
200900068824;0;1;0;0.0;0.0;4.0;2.0;B01
200900068827;0;1;0;0.0;2.0;0.0;2.0;B01
200900068900;0;1;0;0.0;2.0;8.0;0.0;B01
200900068942;0;1;0;0.0;1.0;4.0;2.0;A01
200900068955;0;1;0;0.0;2.0;1.0;1.0;A01
200900068960;0;1;0;0.0;2.0;7.0;15.0;A01
200900068979;0;1;0;0.0;2.0;0.0;0.0;B01
200900068984;0;1;0;0.0;0.0;0.0;2.0;B01
200900068991;0;1;0;0.0;0.0;9.0;15.0;B01
200900069039;0;1;0;0.0;2.0;1.0;1.0;A01
200900069043;0;1;0;0.0;0.0;9.0;9.0;B01
200900069071;0;1;0;0.0;2.0;7.0;1.0;A01
200900069085;0;1;0;0.0;2.0;1.0;0.0;B01
200900069136;0;1;0;0.0;2.0;7.0;19.0;B01
200900069160;0;1;0;0.0;2.0;3.0;2.0;A01
200900069168;0;1;0;0.0;2.0;3.0;1.0;B01
200900069174;0;1;0;0.0;2.0;4.0;5.0;B01
200900069180;0;1;0;0.0;0.0;1.0;2.0;B01
200900069208;0;1;0;0.0;0.0;0.0;0.0;B01
200900069217;0;1;0;0.0;2.0;1.0;9.0;B01
200900069218;0;1;0;0.0;2.0;6.0;2.0;B01
200900069219;0;1;0;0.0;2.0;8.0;19.0;B01
200900069223;0;1;0;0.0;0.0;7.0;19.0;B01
200900069242;0;1;0;0.0;2.0;1.0;19.0;A01
200900069251;0;1;0;0.0;0.0;0.0;0.0;B01
200900069261;0;1;0;0.0;0.0;0.0;0.0;B01
200900069294;0;1;0;0.0;2.0;7.0;19.0;A01
200900069300;0;1;0;0.0;2.0;0.0;0.0;B01
200900069310;0;1;0;0.0;2.0;3.0;19.0;B01
200900069314;0;1;0;0.0;2.0;5.0;1.0;B01
200900069322;0;1;0;0.0;2.0;7.0;1.0;B01
200900069370;0;1;0;0.0;0.0;0.0;0.0;B01
200900069391;0;1;0;0.0;2.0;7.0;6.0;B01
200900069392;0;1;0;0.0;2.0;1.0;1.0;A01
200900069417;0;1;0;0.0;0.0;0.0;0.0;B01
200900069553;0;1;0;0.0;2.0;8.0;2.0;B01
200900069604;0;1;0;0.0;2.0;4.0;0.0;B01
200900069687;0;1;0;0.0;2.0;7.0;1.0;B01
200900069730;0;1;0;0.0;2.0;3.0;19.0;A01
200900069738;0;1;0;0.0;2.0;8.0;13.0;A01
200900069749;0;1;0;0.0;2.0;1.0;1.0;A01
200900069757;0;1;0;0.0;2.0;8.0;19.0;B01
200900069758;0;1;0;0.0;2.0;1.0;1.0;B01
200900069792;0;1;0;0.0;0.0;0.0;0.0;B01
200900069863;0;1;0;0.0;0.0;7.0;1.0;B01
200900069868;0;1;0;0.0;2.0;8.0;0.0;B01
200900069923;0;1;0;0.0;2.0;0.0;1.0;B01
200900069933;0;1;0;0.0;0.0;0.0;0.0;B01
200900069936;0;1;0;1.0;0.0;1.0;18.0;B01
200900069999;0;1;0;1.0;0.0;1.0;0.0;A01
200900070000;0;1;0;0.0;2.0;7.0;19.0;B01
200900070003;0;1;0;0.0;0.0;8.0;0.0;B01
200900070025;0;1;0;0.0;2.0;1.0;5.0;B01
200900070031;0;1;0;15.0;2.0;8.0;19.0;B01
200900070038;0;1;0;0.0;2.0;8.0;19.0;B01
200900070078;0;1;0;0.0;2.0;7.0;1.0;B01
200900070084;0;1;0;0.0;2.0;1.0;1.0;B01
200900070105;0;1;0;0.0;2.0;8.0;2.0;A01
200900070108;0;1;0;0.0;2.0;0.0;19.0;A01
200900070113;0;1;0;0.0;2.0;8.0;1.0;B01
200900070114;0;1;0;0.0;2.0;8.0;2.0;B01
200900070127;0;1;0;0.0;2.0;7.0;1.0;B01
200900070143;0;1;0;0.0;1.0;7.0;1.0;A01
200900070155;0;1;0;0.0;2.0;1.0;1.0;B01
200900070166;0;1;0;0.0;2.0;3.0;1.0;B01
200900070179;0;1;0;0.0;2.0;1.0;16.0;A01
200900070204;0;1;0;0.0;1.0;7.0;16.0;A01
200900070231;0;1;0;0.0;2.0;7.0;1.0;B01
200900070261;0;1;0;0.0;2.0;1.0;1.0;B01
200900070306;0;1;0;0.0;2.0;1.0;1.0;B01
200900070315;0;1;0;0.0;0.0;4.0;15.0;B02
200900070317;0;1;0;0.0;2.0;1.0;1.0;B02
200900070347;0;1;0;0.0;0.0;4.0;2.0;B01
200900070354;0;1;0;0.0;0.0;1.0;1.0;A01
200900070387;0;1;0;0.0;2.0;1.0;9.0;A01
200900070388;0;1;0;0.0;2.0;1.0;1.0;A01
200900070475;0;1;0;0.0;2.0;2.0;5.0;A01
200900070476;0;1;0;0.0;2.0;8.0;15.0;A01
200900070478;0;1;0;0.0;2.0;1.0;5.0;A01
200900070501;0;1;0;0.0;2.0;4.0;1.0;B01
200900070502;0;1;0;0.0;2.0;7.0;5.0;B01
200900070671;0;1;0;0.0;9.0;1.0;1.0;A01
200900070722;0;1;0;0.0;0.0;4.0;1.0;B02
200900070730;0;1;0;0.0;2.0;8.0;1.0;B01
200900070754;0;1;0;0.0;2.0;1.0;1.0;B01
200900070758;0;1;0;0.0;2.0;7.0;1.0;B01
200900070767;0;1;0;0.0;0.0;0.0;1.0;B01
200900070778;0;1;0;0.0;0.0;0.0;21.0;B01
200900070789;0;1;0;0.0;0.0;0.0;0.0;A01
200900070843;0;1;0;0.0;2.0;1.0;0.0;A01
200900070905;0;1;0;0.0;2.0;1.0;1.0;B01
200900070906;0;1;0;0.0;2.0;2.0;1.0;B01
200900070931;0;1;0;0.0;2.0;1.0;19.0;B01
200900070967;0;1;0;0.0;0.0;1.0;5.0;B01
200900070973;0;1;0;0.0;2.0;1.0;1.0;B01
200900071002;0;1;0;14.0;2.0;8.0;1.0;B01
200900071072;0;1;0;0.0;1.0;0.0;5.0;A01
200900071073;0;1;0;0.0;2.0;1.0;2.0;A01
200900071092;0;1;0;0.0;2.0;4.0;19.0;B01
200900071126;0;1;0;0.0;0.0;0.0;19.0;B01
200900071172;0;1;0;0.0;2.0;2.0;15.0;B01
200900071178;0;1;0;0.0;2.0;8.0;19.0;B01
200900071179;0;1;0;0.0;2.0;8.0;1.0;B01
200900071182;0;1;0;0.0;2.0;1.0;2.0;B01
200900071183;0;1;0;0.0;2.0;1.0;17.0;B01
200900071202;0;1;0;0.0;2.0;4.0;1.0;B01
200900071206;0;1;0;0.0;2.0;1.0;1.0;B01
200900071256;0;1;0;0.0;2.0;0.0;19.0;B01
200900071305;0;1;0;0.0;2.0;1.0;1.0;B01
200900071320;0;1;0;0.0;2.0;7.0;1.0;A01
200900071326;0;1;0;0.0;2.0;1.0;17.0;B01
200900071416;0;1;0;0.0;1.0;1.0;1.0;A01
200900071421;0;1;0;0.0;2.0;1.0;15.0;B01
200900071442;0;1;0;0.0;2.0;1.0;1.0;A01
200900071451;0;1;0;0.0;2.0;1.0;1.0;B01
200900071478;0;1;0;0.0;2.0;1.0;19.0;B01
200900071482;0;1;0;0.0;2.0;1.0;0.0;B01
200900071490;0;1;0;0.0;2.0;4.0;0.0;B01
200900071535;0;1;0;0.0;2.0;2.0;1.0;B01
200900071542;0;1;0;0.0;2.0;1.0;1.0;B01
200900071550;0;1;0;0.0;2.0;1.0;19.0;A01
200900071570;0;1;0;0.0;2.0;4.0;2.0;B01
200900071576;0;1;0;0.0;2.0;5.0;1.0;B01
200900071582;0;1;0;0.0;2.0;0.0;1.0;B01
200900071586;0;1;0;0.0;0.0;0.0;0.0;A01
200900071593;0;1;0;0.0;1.0;1.0;1.0;A01
200900071610;0;1;0;0.0;2.0;2.0;1.0;B01
200900071637;0;1;0;0.0;2.0;8.0;1.0;B01
200900071658;0;1;0;0.0;2.0;4.0;1.0;B02
200900071660;0;1;0;0.0;2.0;7.0;1.0;B01
200900071664;0;1;0;0.0;2.0;1.0;1.0;B01
200900071723;0;1;0;0.0;2.0;1.0;1.0;A01
200900071748;0;1;0;0.0;2.0;1.0;1.0;A01
200900071753;0;1;0;0.0;2.0;1.0;19.0;B01
200900071754;0;1;0;0.0;2.0;1.0;2.0;B01
200900071754;0;1;0;0.0;2.0;1.0;1.0;A01
200900071783;0;1;0;0.0;2.0;3.0;1.0;B02
200900071795;0;1;0;0.0;0.0;1.0;1.0;A01
200900071802;0;1;0;0.0;2.0;4.0;17.0;A01
200900071803;0;1;0;0.0;2.0;3.0;1.0;B01
200900071836;0;1;0;11.0;0.0;1.0;21.0;A01
200900071838;0;1;0;0.0;2.0;1.0;9.0;A01
200900071856;0;1;0;1.0;0.0;0.0;1.0;B01
200900071881;0;1;0;0.0;2.0;1.0;19.0;A01
200900071882;0;1;0;0.0;2.0;0.0;19.0;B01
200900071884;0;1;0;0.0;2.0;0.0;1.0;A01
200900071884;1;1;0;0.0;0.0;0.0;0.0;B01
200900071897;0;1;0;0.0;2.0;1.0;1.0;A02
200900071906;0;1;0;0.0;2.0;1.0;13.0;B02
200900071922;0;1;0;0.0;0.0;0.0;1.0;A01
200900071928;0;1;0;0.0;2.0;4.0;1.0;B01
200900071931;0;1;0;0.0;2.0;4.0;1.0;B01
200900071934;0;1;0;0.0;2.0;8.0;11.0;B01
200900071936;0;1;0;0.0;2.0;4.0;1.0;B01
200900071957;0;1;0;0.0;2.0;7.0;16.0;B01
200900071969;0;1;0;0.0;2.0;2.0;1.0;B01
200900072018;0;1;0;0.0;2.0;4.0;2.0;B02
200900072081;0;1;0;0.0;0.0;4.0;2.0;B02
200900072098;0;1;0;0.0;0.0;7.0;1.0;B02
200900072119;0;1;0;0.0;2.0;1.0;1.0;B02
200900072130;0;1;0;0.0;0.0;8.0;1.0;B01
200900072140;0;1;0;0.0;2.0;3.0;19.0;B02
200900072170;0;1;0;0.0;2.0;8.0;9.0;B02
200900072188;0;1;0;0.0;2.0;7.0;5.0;A01
200900072195;0;1;0;0.0;2.0;0.0;5.0;A01
200900072197;0;1;0;0.0;2.0;7.0;11.0;A01
200900072202;0;1;0;0.0;2.0;1.0;5.0;A01
200900072202;0;1;0;0.0;2.0;1.0;1.0;B01
200900072204;0;1;0;1.0;0.0;1.0;1.0;B01
200900072206;0;1;0;0.0;2.0;7.0;1.0;B01
200900072243;0;1;0;0.0;0.0;0.0;21.0;B01
200900072274;0;1;0;1.0;0.0;1.0;1.0;B01
200900072280;0;1;0;0.0;2.0;8.0;15.0;B02
200900072292;0;1;0;0.0;2.0;1.0;0.0;A01
200900072472;0;1;0;0.0;2.0;8.0;1.0;A01
200900072480;0;1;0;0.0;0.0;4.0;1.0;B02
200900072486;0;1;0;0.0;2.0;1.0;1.0;B01
200900072492;0;1;0;0.0;0.0;1.0;19.0;B01
200900072504;0;1;0;0.0;2.0;1.0;1.0;A01
200900072507;0;1;0;0.0;0.0;7.0;2.0;B02
200900072515;0;1;0;1.0;0.0;1.0;1.0;B02
200900072517;0;1;0;0.0;2.0;1.0;5.0;B02
200900072533;0;1;0;1.0;2.0;1.0;1.0;B02
200900072571;0;1;0;0.0;0.0;4.0;12.0;B02
200900072575;0;1;0;0.0;0.0;4.0;1.0;B02
200900072583;0;1;0;0.0;2.0;4.0;1.0;B01
200900072589;0;1;0;0.0;2.0;5.0;19.0;B01
200900072596;0;1;0;0.0;2.0;1.0;1.0;B01
200900072598;0;1;0;0.0;2.0;7.0;15.0;A01
200900072622;0;1;0;0.0;1.0;1.0;1.0;A01
200900072625;0;1;0;0.0;2.0;1.0;1.0;B02
200900072626;0;1;0;0.0;2.0;1.0;13.0;A01
200900072627;0;1;0;0.0;2.0;7.0;15.0;A01
200900072628;0;1;0;14.0;2.0;1.0;1.0;B01
200900072634;0;1;0;0.0;2.0;1.0;13.0;B01
200900072636;0;1;0;0.0;2.0;1.0;16.0;B01
200900072638;0;1;0;0.0;1.0;1.0;1.0;A01
200900072644;0;1;0;0.0;2.0;1.0;9.0;A01
200900072652;0;1;0;0.0;2.0;0.0;0.0;B01
200900072664;0;1;0;0.0;2.0;8.0;23.0;B01
200900072710;0;1;0;0.0;2.0;1.0;1.0;B01
200900072715;0;1;0;0.0;2.0;1.0;0.0;B01
200900072722;0;1;0;0.0;2.0;1.0;1.0;A01
200900072724;0;1;0;0.0;2.0;4.0;2.0;B02
200900072743;0;1;0;0.0;2.0;4.0;2.0;B01
200900072774;0;1;0;0.0;2.0;1.0;13.0;B02
200900072780;0;1;0;0.0;2.0;1.0;9.0;A01
200900072783;0;1;0;0.0;2.0;7.0;1.0;B01
200900072793;0;1;0;0.0;2.0;8.0;1.0;B01
200900072801;0;1;0;0.0;2.0;1.0;17.0;B01
200900072807;0;1;0;0.0;2.0;3.0;1.0;B01
200900072841;0;1;0;0.0;2.0;1.0;9.0;B01
200900072851;0;1;0;0.0;2.0;1.0;5.0;B01
200900072853;0;1;0;0.0;2.0;1.0;2.0;A01
200900072866;0;1;0;1.0;0.0;1.0;1.0;B01
200900072868;0;1;0;0.0;2.0;1.0;19.0;B01
200900072938;0;1;0;0.0;2.0;2.0;1.0;B01
200900072940;0;1;0;0.0;2.0;4.0;2.0;B01
200900072945;0;1;0;0.0;2.0;1.0;2.0;B01
200900072948;0;1;0;0.0;2.0;8.0;2.0;B01
200900072960;0;1;0;0.0;2.0;1.0;6.0;A01
200900072970;0;1;0;0.0;2.0;1.0;13.0;B02
200900073000;0;1;0;0.0;2.0;1.0;1.0;B02
200900073008;0;1;0;0.0;2.0;0.0;0.0;B02
200900073026;0;1;0;0.0;0.0;7.0;16.0;B02
200900073042;0;1;0;0.0;2.0;1.0;1.0;B01
200900073043;0;1;0;0.0;2.0;8.0;1.0;B01
200900073054;0;1;0;3.0;0.0;4.0;1.0;A01
200900073058;0;1;0;0.0;2.0;1.0;1.0;B02
200900073066;0;1;0;0.0;2.0;1.0;1.0;A01
200900073075;0;1;0;0.0;2.0;4.0;1.0;A01
200900073149;0;1;0;0.0;2.0;1.0;13.0;B02
200900073207;0;1;0;0.0;2.0;3.0;10.0;A01
200900073218;0;1;0;0.0;2.0;5.0;19.0;B01
200900073224;0;1;0;0.0;9.0;7.0;1.0;B02
200900073230;0;1;0;0.0;2.0;1.0;1.0;B02
200900073230;0;1;0;0.0;2.0;1.0;1.0;C03
200900073235;0;1;0;0.0;2.0;4.0;15.0;A01
200900073236;0;1;0;0.0;2.0;4.0;19.0;A01
200900073237;0;1;0;0.0;2.0;8.0;13.0;A01
200900073238;0;1;0;0.0;2.0;1.0;1.0;B01
200900073257;0;1;0;0.0;2.0;4.0;19.0;B01
200900073260;0;1;0;0.0;2.0;1.0;19.0;B01
200900073266;0;1;0;0.0;2.0;4.0;1.0;B01
200900073267;0;1;0;0.0;2.0;0.0;1.0;B01
200900073270;0;1;0;0.0;2.0;1.0;19.0;B01
200900073273;0;1;0;0.0;2.0;1.0;1.0;B01
200900073280;0;1;0;0.0;2.0;0.0;1.0;A01
200900073282;0;1;0;0.0;2.0;2.0;0.0;B02
200900073285;0;1;0;0.0;2.0;7.0;15.0;B02
200900073311;0;1;0;0.0;0.0;4.0;1.0;B02
200900073325;0;1;0;0.0;2.0;4.0;2.0;B01
200900073326;0;1;0;0.0;2.0;1.0;21.0;B01
200900073359;0;1;0;0.0;2.0;1.0;2.0;A01
200900073367;0;1;0;0.0;0.0;0.0;1.0;B01
200900073379;0;1;0;0.0;0.0;6.0;0.0;B02
200900073380;0;1;0;0.0;2.0;0.0;1.0;A01
200900073385;0;1;0;0.0;2.0;8.0;1.0;B01
200900073389;0;1;0;0.0;2.0;1.0;16.0;A01
200900073391;0;1;0;0.0;2.0;8.0;1.0;A01
200900073394;0;1;0;0.0;2.0;1.0;1.0;B01
200900073397;0;1;0;0.0;2.0;0.0;0.0;B02
200900073399;0;1;0;0.0;2.0;7.0;15.0;B02
200900073400;0;1;0;0.0;2.0;1.0;2.0;A01
200900073404;0;1;0;1.0;0.0;1.0;2.0;A01
200900073406;0;1;0;0.0;0.0;0.0;0.0;A01
200900073409;0;1;0;0.0;2.0;4.0;15.0;B01
200900073413;0;1;0;0.0;2.0;1.0;1.0;B01
200900073433;0;1;0;0.0;2.0;1.0;19.0;A01
200900073434;0;1;0;0.0;0.0;3.0;9.0;B02
200900073445;0;1;0;0.0;0.0;1.0;2.0;B02
200900073451;0;1;0;0.0;2.0;1.0;1.0;B01
200900073453;0;1;0;0.0;2.0;0.0;0.0;B01
200900073467;0;1;0;0.0;9.0;0.0;1.0;B01
200900073469;0;1;0;0.0;2.0;1.0;0.0;B01
200900073483;0;1;0;0.0;2.0;4.0;0.0;B01
200900073495;0;1;0;0.0;0.0;0.0;0.0;B01
200900073506;0;1;0;0.0;0.0;4.0;0.0;B01
200900073506;0;1;0;0.0;0.0;0.0;0.0;C01
200900073514;0;1;0;0.0;2.0;0.0;9.0;A01
200900073523;0;1;0;0.0;2.0;1.0;1.0;B02
200900073542;0;1;0;0.0;0.0;0.0;1.0;A01
200900073575;0;1;0;0.0;0.0;0.0;0.0;B01
200900073585;0;1;0;0.0;6.0;0.0;0.0;B01
200900073586;0;1;0;0.0;2.0;8.0;1.0;A01
200900073592;0;1;0;0.0;0.0;4.0;2.0;B02
200900073599;0;1;0;0.0;9.0;1.0;0.0;B01
200900073608;0;1;0;0.0;2.0;1.0;1.0;B01
200900073611;2;1;0;0.0;2.0;1.0;5.0;B01
200900073618;0;1;0;0.0;2.0;7.0;1.0;B01
200900073623;0;1;0;0.0;2.0;1.0;0.0;A01
200900073624;0;1;0;0.0;2.0;0.0;0.0;B01
200900073658;0;1;0;0.0;2.0;1.0;1.0;B01
200900073670;0;1;0;0.0;2.0;3.0;1.0;B01
200900073677;0;1;0;0.0;2.0;4.0;0.0;B01
200900073680;0;1;0;0.0;2.0;4.0;13.0;A01
200900073682;0;1;0;0.0;2.0;1.0;12.0;A01
200900073689;0;1;0;0.0;2.0;1.0;17.0;B01
200900073691;0;1;0;0.0;0.0;0.0;0.0;A01
200900073795;0;1;0;0.0;2.0;2.0;13.0;A01
200900073803;0;1;0;0.0;2.0;0.0;15.0;B01
200900073818;0;1;0;0.0;2.0;8.0;2.0;B01
200900073824;0;1;0;0.0;2.0;1.0;2.0;A01
200900073833;0;1;0;0.0;2.0;1.0;0.0;B01
200900073882;0;1;0;0.0;0.0;5.0;1.0;B02
200900073887;0;1;0;0.0;0.0;4.0;0.0;B02
200900073895;0;1;0;0.0;2.0;1.0;19.0;B01
200900073909;0;1;0;0.0;2.0;1.0;19.0;A01
200900073910;0;1;0;0.0;2.0;1.0;13.0;A01
200900073917;0;1;0;0.0;2.0;0.0;0.0;B01
200900073921;0;1;0;0.0;2.0;7.0;1.0;B01
200900073929;0;1;0;0.0;2.0;1.0;15.0;B01
200900073931;0;1;0;0.0;0.0;6.0;10.0;B01
200900073935;0;1;0;0.0;2.0;7.0;1.0;B01
200900073940;0;1;0;0.0;2.0;4.0;1.0;B01
200900073951;0;1;0;0.0;2.0;8.0;1.0;B01
200900073962;0;1;0;0.0;2.0;8.0;19.0;A01
200900073967;0;1;0;0.0;9.0;4.0;16.0;A01
200900073985;0;1;0;0.0;0.0;8.0;1.0;B02
200900073997;0;1;0;0.0;2.0;1.0;1.0;B01
200900074023;0;1;0;0.0;1.0;1.0;1.0;A01
200900074044;0;1;0;0.0;2.0;4.0;1.0;B01
200900074050;0;1;0;0.0;0.0;0.0;0.0;B01
200900074052;0;1;0;0.0;2.0;0.0;5.0;A01
200900074059;0;1;0;0.0;0.0;0.0;0.0;B01
200900074093;0;1;0;0.0;2.0;1.0;1.0;B01
200900074101;0;1;0;0.0;2.0;1.0;13.0;B02
200900074104;0;1;0;0.0;0.0;0.0;0.0;A01
200900074147;0;1;0;0.0;9.0;0.0;19.0;A01
200900074153;0;1;0;0.0;2.0;7.0;2.0;B02
200900074158;0;1;0;0.0;0.0;0.0;0.0;B02
200900074172;0;1;0;0.0;2.0;1.0;1.0;B01
200900074177;1;1;0;0.0;2.0;0.0;16.0;A01
200900074201;0;1;0;0.0;2.0;1.0;13.0;B02
200900074209;0;1;0;1.0;0.0;1.0;1.0;A01
200900074219;0;1;0;0.0;2.0;8.0;1.0;B01
200900074223;0;1;0;0.0;2.0;8.0;19.0;A01
200900074244;0;1;0;0.0;0.0;0.0;0.0;E01
200900074251;0;1;0;0.0;2.0;0.0;0.0;B01
200900074252;0;1;0;0.0;9.0;0.0;0.0;A01
200900074272;0;1;0;0.0;1.0;7.0;5.0;B02
200900074272;0;1;0;0.0;2.0;2.0;5.0;C03
200900074279;0;1;0;0.0;2.0;1.0;0.0;B01
200900074280;0;1;0;0.0;2.0;1.0;2.0;B01
200900074282;0;1;0;0.0;2.0;0.0;1.0;B01
200900074309;0;1;0;0.0;2.0;4.0;9.0;B01
200900074313;0;1;0;0.0;9.0;1.0;1.0;B01
200900074319;0;1;0;0.0;2.0;0.0;0.0;A01
200900074320;0;1;0;0.0;0.0;0.0;1.0;A01
200900074327;0;1;0;0.0;2.0;0.0;0.0;B01
200900074334;0;1;0;0.0;2.0;1.0;15.0;A01
200900074350;0;1;0;0.0;9.0;1.0;5.0;A01
200900074355;0;1;0;0.0;2.0;1.0;12.0;B02
200900074361;0;1;0;0.0;2.0;1.0;17.0;A01
200900074362;0;1;0;0.0;0.0;0.0;21.0;A01
200900074363;0;1;0;0.0;0.0;4.0;1.0;B02
200900074368;0;1;0;0.0;2.0;2.0;1.0;A01
200900074371;0;1;0;0.0;2.0;4.0;0.0;B01
200900074372;0;1;0;0.0;9.0;1.0;0.0;A01
200900074375;0;1;0;0.0;2.0;4.0;0.0;A01
200900074377;0;1;0;0.0;2.0;0.0;0.0;A01
200900074381;0;1;0;0.0;2.0;4.0;1.0;A01
200900074383;0;1;0;0.0;2.0;8.0;15.0;B02
200900074396;0;1;0;0.0;2.0;1.0;13.0;A01
200900074408;0;1;0;0.0;2.0;1.0;13.0;A01
200900074416;0;1;0;0.0;2.0;1.0;1.0;A01
200900074428;0;1;0;1.0;0.0;1.0;1.0;B01
200900074500;0;1;0;0.0;2.0;0.0;0.0;B01
200900074502;0;1;0;0.0;2.0;1.0;1.0;A01
200900074507;0;1;0;0.0;1.0;1.0;1.0;A01
200900074512;0;1;0;0.0;2.0;8.0;1.0;B01
200900074519;0;1;0;0.0;2.0;4.0;1.0;B02
200900074523;0;1;0;1.0;9.0;8.0;19.0;A01
200900074537;0;1;0;0.0;2.0;4.0;1.0;B01
200900074543;0;1;0;0.0;2.0;8.0;13.0;B01
200900074551;0;1;0;0.0;2.0;1.0;1.0;B01
200900074561;0;1;0;0.0;2.0;4.0;1.0;B01
200900074580;0;1;0;;2.0;1.0;1.0;B02
200900074615;0;1;0;0.0;0.0;0.0;0.0;A01
200900074642;0;1;0;0.0;2.0;1.0;5.0;B01
200900074693;0;1;0;0.0;0.0;8.0;0.0;B02
200900074699;0;1;0;0.0;0.0;1.0;1.0;B02